date,hour,type,x____,x_____1,x_____2,x______,x_______1,x_____,x_____3,x______1,x_____4,x_____5,x______2,x______3,x___,x_____6,x_______,x_____7,x______4,x____1,x_____8,x____2,x_____9,x____3,x_____10,x_____11,x______5,x_____12,x_____13,x_____14,x_____15,x______6,x_______2,x______7,x_______3,x_____16,x_____17
20230101,0,AQI,37,31,30,32,35,42,39,31,50,41,54,32,29,59,23,37,39,28,36,22,19,41,97,32,34,53,46,78,54,52,66,55,68,62,45
20230101,1,AQI,44,32,26,30,30,45,40,30,41,33,61,33,53,54,20,39,62,26,31,22,19,42,118,27,30,63,60,73,53,42,63,55,65,52,37
20230101,2,AQI,38,31,26,29,27,42,37,26,42,34,52,34,46,57,19,35,23,33,33,18,19,31,88,30,34,54,52,72,52,40,59,53,61,51,38
20230101,3,AQI,31,29,21,25,21,40,33,26,30,32,51,31,42,63,19,40,28,31,32,18,18,26,73,31,24,55,51,66,48,43,60,51,57,37,41
20230101,4,AQI,28,23,19,21,20,34,27,26,26,35,40,23,34,75,19,42,31,30,29,22,17,26,90,23,18,44,47,52,51,45,54,49,58,26,40
20230101,5,AQI,22,19,20,18,23,29,26,18,25,35,45,21,25,68,20,44,30,24,27,21,17,21,54,22,15,35,34,41,52,41,60,47,57,22,40
20230101,6,AQI,20,17,20,17,18,24,23,18,26,32,53,21,32,69,20,34,29,24,27,18,17,22,48,21,17,34,33,33,44,35,59,47,56,22,37
20230101,7,AQI,20,18,19,18,18,20,23,18,23,34,55,31,26,52,22,30,27,22,23,20,18,23,46,22,19,32,31,34,31,31,54,50,52,23,37
20230101,8,AQI,22,19,24,18,19,20,39,22,29,37,52,38,29,40,26,29,26,21,23,21,21,29,41,22,21,35,32,26,30,27,56,48,56,22,40
20230101,9,AQI,24,25,26,21,21,25,52,38,39,51,52,45,47,44,36,34,28,25,26,27,22,40,38,23,21,36,36,31,25,30,73,49,54,28,47
20230101,10,AQI,29,30,26,27,23,28,36,36,36,47,42,51,44,43,45,52,48,26,26,22,21,51,51,35,22,35,37,30,34,39,59,50,54,37,46
20230101,11,AQI,34,35,25,29,25,31,26,35,26,34,40,39,51,50,46,58,55,22,24,22,21,45,45,41,18,36,47,40,48,40,60,48,54,30,35
20230101,12,AQI,46,47,33,41,49,45,27,29,28,33,39,27,49,39,45,59,57,21,20,21,21,33,38,35,18,41,52,43,56,48,68,37,45,18,31
20230101,13,AQI,44,45,39,44,74,47,29,23,32,35,38,22,36,26,45,57,56,19,21,22,20,29,40,29,19,43,57,39,53,50,63,28,41,19,32
20230101,14,AQI,36,39,38,42,57,38,31,20,23,37,35,32,27,23,39,52,51,19,21,22,21,19,22,23,21,32,47,38,51,42,69,27,40,23,30
20230101,15,AQI,33,35,34,34,65,35,31,20,25,37,38,32,27,58,33,44,43,20,22,23,21,23,23,23,21,23,38,35,48,38,55,29,36,26,31
20230101,16,AQI,33,34,38,35,63,29,32,23,38,39,38,32,27,30,33,41,39,20,21,24,22,21,23,23,21,24,31,39,44,33,58,35,35,29,32
20230101,17,AQI,33,35,38,38,64,25,38,22,46,41,42,34,28,27,35,49,42,22,20,24,22,19,24,23,21,33,30,39,51,41,63,37,38,35,35
20230101,18,AQI,40,38,45,47,86,27,39,38,55,42,54,51,26,30,43,50,48,30,20,29,36,27,36,25,21,52,37,52,56,43,87,50,61,49,36
20230101,19,AQI,51,44,51,51,67,30,49,40,70,42,61,48,41,38,40,65,62,32,27,35,40,48,50,34,27,53,50,69,55,45,95,52,69,53,37
20230101,20,AQI,51,47,48,53,63,33,52,48,70,42,72,45,37,49,37,70,74,35,36,51,27,60,57,30,34,42,53,67,55,49,103,57,64,61,43
20230101,21,AQI,54,49,34,53,61,40,49,38,76,49,69,39,31,43,29,31,45,42,30,36,19,60,64,36,43,41,49,90,55,58,118,55,57,61,44
20230101,22,AQI,49,50,44,52,71,51,52,38,82,43,65,52,25,37,24,19,29,36,31,22,21,58,80,28,32,47,35,104,57,67,175,48,55,53,51
20230101,23,AQI,36,34,45,51,66,29,49,42,83,40,60,53,21,28,25,20,19,39,31,23,21,52,25,26,27,32,34,86,60,57,110,40,53,50,43
20230102,0,AQI,20,18,32,24,18,18,46,49,75,46,59,46,22,28,25,19,18,32,23,23,21,18,21,21,20,23,24,53,48,22,72,40,49,48,44
20230102,1,AQI,15,16,15,17,30,16,44,44,27,44,45,38,22,22,24,20,17,16,19,23,22,17,22,22,20,16,18,24,15,20,59,36,45,43,42
20230102,2,AQI,15,17,12,14,23,15,16,19,17,39,30,28,21,17,24,20,15,18,21,23,22,15,22,23,17,19,19,12,12,21,49,34,46,39,37
20230102,3,AQI,15,18,11,14,19,17,14,15,14,23,18,18,20,20,24,18,16,18,19,23,22,16,21,22,18,18,19,13,12,23,43,34,47,29,39
20230102,4,AQI,15,17,12,15,17,16,15,13,14,16,15,14,16,17,21,19,13,19,16,23,21,15,19,21,17,18,19,12,13,16,27,34,49,24,38
20230102,5,AQI,16,18,13,14,17,17,14,13,15,14,16,12,17,17,20,20,14,16,18,23,20,17,21,22,19,18,20,14,15,17,21,36,43,20,37
20230102,6,AQI,17,17,17,16,18,17,15,12,18,17,19,16,17,17,19,19,15,19,20,22,20,19,20,21,20,18,20,15,16,17,28,31,35,15,38
20230102,7,AQI,16,16,17,16,19,17,14,13,15,21,18,15,16,17,18,25,15,17,19,22,20,18,20,21,20,21,20,14,15,14,24,26,32,16,39
20230102,8,AQI,15,17,17,15,18,15,13,18,15,20,18,21,15,18,18,27,16,16,18,21,20,19,20,21,19,20,19,21,13,17,28,28,35,16,40
20230102,9,AQI,15,17,18,15,17,15,14,13,15,18,17,20,16,16,18,27,29,15,18,21,20,16,20,20,19,21,19,20,14,16,32,27,33,22,42
20230102,10,AQI,16,17,17,16,20,16,16,15,17,21,20,23,18,18,19,36,26,18,19,22,20,17,20,20,19,23,19,22,16,18,17,29,26,14,28
20230102,11,AQI,17,17,18,17,25,17,20,17,22,22,25,22,18,17,22,29,28,20,20,22,20,18,21,21,20,18,20,30,17,22,18,33,30,16,30
20230102,12,AQI,2,20,21,20,25,18,23,19,25,25,31,20,21,18,21,20,20,20,21,9,8,20,22,22,20,19,21,18,17,15,20,25,24,16,32
20230102,13,AQI,21,20,21,21,24,19,24,19,25,25,30,19,20,18,20,21,21,20,21,21,21,20,22,22,21,19,20,16,18,16,20,18,25,16,35
20230102,14,AQI,21,20,22,21,25,19,24,17,26,26,30,19,20,40,20,21,21,21,22,23,22,20,23,23,21,20,21,17,20,16,20,20,26,16,35
20230102,15,AQI,23,21,22,23,25,19,23,18,27,26,30,19,21,20,21,22,16,21,22,23,22,19,23,23,22,20,20,23,22,16,20,23,26,16,33
20230102,16,AQI,24,22,24,25,25,22,26,19,28,25,31,33,22,20,22,20,18,21,21,24,22,19,22,24,22,20,20,21,24,18,26,27,28,26,32
20230102,17,AQI,18,25,27,26,27,28,31,23,29,36,31,21,19,33,20,24,21,19,21,22,21,19,21,23,21,19,21,24,27,23,23,27,31,32,37
20230102,18,AQI,19,27,29,31,27,28,37,36,38,48,42,32,17,23,19,29,26,17,19,20,20,46,26,21,20,29,23,46,33,25,32,36,52,42,40
20230102,20,AQI,27,35,30,52,21,21,53,48,71,58,58,32,17,25,18,40,36,31,20,20,20,29,39,24,16,35,29,49,51,49,52,51,64,50,45
20230102,21,AQI,23,44,28,53,18,23,39,31,70,59,55,32,21,39,22,22,26,25,18,18,22,19,38,24,19,26,27,47,56,53,88,47,57,53,41
20230102,22,AQI,25,34,22,27,18,22,40,29,67,51,30,28,23,40,26,23,20,26,21,21,21,22,19,21,19,32,31,49,56,51,57,48,46,55,45
20230102,23,AQI,23,26,18,18,18,20,41,31,57,32,52,30,26,36,25,23,19,23,19,21,20,18,22,20,19,31,33,52,54,51,49,43,47,60,42
20230103,0,AQI,20,19,18,16,19,24,36,27,53,27,50,42,31,32,18,40,22,19,21,19,18,28,28,19,19,31,32,56,56,36,49,39,48,54,45
20230103,1,AQI,19,17,20,17,18,20,38,22,36,29,58,26,31,32,18,24,55,18,19,20,17,22,42,17,17,30,28,56,53,34,50,36,40,41,43
20230103,2,AQI,19,16,18,18,19,20,38,24,30,31,57,24,25,34,15,41,27,16,16,19,17,20,36,26,16,27,26,40,32,32,51,31,36,33,42
20230103,3,AQI,21,16,18,17,17,20,31,24,32,31,43,26,23,43,15,22,17,20,18,20,18,18,28,25,16,24,28,28,28,32,50,29,32,29,45
20230103,4,AQI,17,15,18,15,19,20,27,24,29,30,45,20,20,26,17,23,21,15,16,18,18,19,29,18,16,24,26,33,31,29,53,27,28,23,40
20230103,5,AQI,15,13,15,13,15,17,25,22,25,34,19,20,23,23,18,27,23,14,15,18,18,19,26,19,16,21,23,30,26,24,46,26,29,21,43
20230103,6,AQI,15,12,16,13,15,15,27,21,25,32,23,21,23,23,21,28,22,16,15,19,17,21,25,18,15,21,20,22,26,25,43,26,28,40,39
20230103,7,AQI,15,13,16,14,14,16,25,22,29,31,35,19,21,22,23,21,20,15,15,19,17,20,22,17,15,25,21,36,24,20,34,26,39,26,39
20230103,8,AQI,18,16,20,16,16,17,38,21,31,32,40,23,23,27,27,21,21,20,18,17,17,22,21,17,15,26,22,45,24,24,31,29,39,25,40
20230103,9,AQI,20,20,24,17,17,21,49,30,35,34,34,26,47,32,28,34,39,21,20,24,19,29,30,17,16,27,23,63,19,22,27,28,45,35,44
20230103,10,AQI,22,20,28,19,20,24,35,32,35,33,38,33,43,48,38,47,45,21,22,31,18,39,32,18,19,25,26,37,17,21,25,30,44,25,40
20230103,11,AQI,23,21,35,29,28,26,37,27,36,32,41,35,41,51,32,48,48,18,20,19,19,34,31,19,17,19,27,24,18,15,23,29,38,25,30
20230103,12,AQI,29,25,43,34,33,25,42,25,37,33,41,37,51,40,34,44,46,18,19,20,19,26,27,20,18,18,27,22,24,16,20,26,37,20,29
20230103,13,AQI,32,30,45,37,34,29,51,30,42,37,46,36,50,38,40,48,46,18,18,21,20,23,23,21,19,16,26,29,33,23,23,28,38,26,31
20230103,14,AQI,35,37,46,16,35,33,51,32,47,42,51,39,49,36,43,49,46,19,19,21,21,17,19,21,20,19,27,42,44,35,35,30,40,33,32
20230103,15,AQI,40,48,51,53,36,37,50,33,54,46,52,39,45,35,46,50,47,18,20,21,21,22,19,21,20,29,34,38,50,36,45,36,45,39,33
20230103,16,AQI,46,52,53,63,37,41,52,39,55,52,55,51,45,39,46,55,53,18,19,21,21,15,21,23,16,32,39,43,53,42,55,42,47,42,38
20230103,17,AQI,54,49,56,60,40,45,54,52,55,54,55,44,45,40,45,58,54,18,20,21,21,16,24,31,25,35,43,50,56,49,57,43,50,42,44
20230103,18,AQI,59,50,57,62,43,46,61,53,65,55,60,49,49,42,46,61,55,24,26,36,26,26,39,34,32,49,51,53,58,55,72,53,30,49,44
20230103,19,AQI,55,51,55,65,46,48,62,49,72,53,68,53,54,54,48,66,64,41,35,37,31,59,56,37,29,66,54,59,60,60,78,53,76,53,47
20230103,20,AQI,118,54,64,70,48,52,65,51,74,51,75,57,52,54,49,87,90,41,33,60,60,55,70,72,31,63,58,61,61,63,82,55,72,59,52
20230103,21,AQI,107,59,67,70,53,54,63,51,73,55,79,64,49,50,45,74,72,41,36,54,51,49,68,55,44,120,67,61,62,68,85,56,92,58,56
20230103,22,AQI,76,60,59,73,54,52,65,50,75,57,79,59,47,49,69,73,78,35,39,50,52,42,63,53,51,76,67,63,64,72,84,55,68,54,58
20230103,23,AQI,68,63,36,62,60,54,63,51,76,54,80,63,47,50,36,67,70,30,34,46,46,38,59,60,55,70,65,75,64,67,87,51,63,53,54
20230104,0,AQI,65,58,36,54,66,56,62,52,75,53,72,57,48,48,46,69,67,28,32,37,31,38,52,53,54,68,71,71,65,55,83,46,55,53,54
20230104,1,AQI,64,51,33,55,66,57,62,45,68,54,67,54,47,50,45,70,89,28,32,36,37,36,54,50,48,69,82,75,68,52,83,40,55,46,54
20230104,2,AQI,68,53,51,56,63,58,61,46,61,56,60,57,46,52,34,64,60,29,33,30,31,33,44,41,43,65,76,69,71,51,89,43,56,43,54
20230104,3,AQI,59,53,50,54,62,58,58,48,63,55,58,50,46,52,34,61,61,31,42,28,25,35,33,50,37,62,69,64,62,56,90,45,56,42,51
20230104,4,AQI,53,52,51,52,58,53,59,46,64,55,57,48,48,51,40,64,67,29,44,27,33,33,29,42,38,59,63,55,59,57,77,46,56,36,52
20230104,5,AQI,48,50,49,51,58,46,59,46,61,54,58,52,48,49,38,60,65,28,43,29,22,32,30,38,28,57,59,56,57,53,90,46,55,38,55
20230104,6,AQI,49,43,48,42,61,44,59,46,62,54,63,52,51,45,47,58,64,28,38,26,25,34,29,31,25,56,59,63,55,52,78,48,54,41,63
20230104,7,AQI,35,38,48,46,54,46,60,46,66,53,60,52,57,50,55,63,65,32,36,28,27,33,30,27,25,54,55,64,49,44,88,49,53,46,64
20230104,8,AQI,32,35,44,41,41,36,64,45,65,54,63,52,57,53,60,65,70,31,37,28,27,42,35,26,25,51,53,72,49,82,75,50,56,49,62
20230104,9,AQI,37,38,33,35,30,40,62,63,68,52,67,52,60,61,56,62,65,37,37,30,29,44,35,29,28,46,51,94,48,58,87,60,58,53,67
20230104,10,AQI,44,35,35,36,34,39,59,46,67,53,63,52,60,62,56,65,68,34,35,36,29,54,51,40,29,40,39,68,50,42,103,56,60,52,60
20230104,11,AQI,51,43,43,45,36,43,60,45,68,57,69,62,61,53,54,77,70,33,35,39,29,50,53,43,33,45,50,59,39,38,129,54,59,48,55
20230104,12,AQI,53,49,48,50,43,51,62,50,73,65,73,56,56,48,59,62,58,35,34,38,29,57,61,46,39,48,83,59,48,40,122,60,61,53,59
20230104,13,AQI,52,48,50,53,48,53,60,48,69,78,74,54,55,42,56,55,52,33,34,32,23,53,57,48,36,42,72,59,51,43,98,60,65,59,67
20230104,14,AQI,51,53,55,56,49,52,68,58,67,66,74,52,51,39,53,41,42,38,34,26,21,42,48,42,32,39,65,58,52,42,62,68,66,62,94
20230104,15,AQI,56,60,60,62,53,51,68,62,73,94,74,59,51,40,50,24,24,38,35,26,22,39,41,40,35,39,63,67,57,49,46,79,69,67,107
20230104,16,AQI,64,63,67,73,60,62,73,70,78,95,80,60,51,40,49,39,35,38,38,27,25,32,37,38,39,37,55,73,75,63,57,93,84,62,102
20230104,17,AQI,74,6,80,89,67,69,85,80,83,95,92,70,60,57,52,48,43,42,46,28,27,40,51,35,39,49,57,83,85,79,74,100,92,62,107
20230104,18,AQI,93,93,98,117,80,87,95,94,92,107,105,87,69,67,51,54,52,52,50,52,34,56,59,42,42,64,72,88,93,90,84,103,93,62,112
20230104,19,AQI,104,99,105,119,94,88,108,107,105,117,112,98,69,74,52,60,54,60,55,59,51,63,77,55,39,90,90,90,98,113,127,107,105,62,114
20230104,20,AQI,114,109,115,123,109,38,120,110,110,128,119,108,67,74,58,60,56,59,52,68,57,78,98,57,47,105,103,98,100,124,98,110,107,100,112
20230104,21,AQI,118,118,122,127,119,135,133,112,119,123,118,110,56,65,61,61,63,55,51,66,92,75,90,67,77,109,114,95,118,130,117,97,105,107,113
20230104,22,AQI,125,124,135,133,127,149,133,109,137,117,114,105,56,65,57,67,72,51,50,58,54,72,84,89,72,119,117,99,125,138,104,93,107,108,109
20230104,23,AQI,130,129,144,138,132,160,134,108,140,120,105,98,56,67,55,63,64,51,53,59,51,73,75,92,84,115,112,107,130,143,107,93,95,110,122
20230105,0,AQI,135,134,145,139,137,168,122,103,118,120,99,90,57,67,53,60,67,50,53,57,52,70,72,98,94,112,122,112,142,148,105,75,88,97,124
20230105,1,AQI,135,137,145,140,114,168,107,98,113,113,87,85,55,68,53,65,62,50,52,54,45,67,68,94,73,120,129,117,143,153,125,72,95,88,119
20230105,2,AQI,138,138,144,143,88,172,85,94,110,93,77,87,55,69,52,59,57,56,53,51,31,62,58,77,69,133,129,122,149,158,144,73,79,90,122
20230105,3,AQI,114,139,90,147,84,142,68,94,100,82,69,95,56,69,53,59,59,55,54,48,27,59,53,67,63,135,132,125,155,162,147,69,74,89,99
20230105,4,AQI,79,138,74,123,78,104,67,84,89,74,84,77,56,70,53,59,62,53,55,43,31,63,54,60,57,129,129,127,156,166,139,75,64,78,93
20230105,5,AQI,75,105,79,84,79,98,68,78,73,65,72,68,56,69,53,68,70,54,54,44,39,70,57,55,48,115,127,124,155,168,137,87,58,68,93
20230105,6,AQI,75,79,77,78,67,93,68,89,73,64,70,70,58,69,54,70,72,55,55,43,47,77,59,54,48,100,115,120,153,165,130,74,58,58,90
20230105,7,AQI,59,72,67,74,60,84,70,84,69,63,70,70,62,69,56,57,57,57,57,47,48,89,69,52,46,77,80,113,152,158,137,67,58,49,85
20230105,8,AQI,55,67,65,60,69,63,70,77,68,60,74,70,65,70,58,55,64,59,59,51,46,104,89,52,45,70,75,109,147,123,134,67,80,52,97
20230105,9,AQI,58,60,77,58,73,59,77,80,75,60,71,72,68,72,65,56,72,62,63,55,53,115,108,52,48,63,65,95,145,88,130,62,54,63,94
20230105,10,AQI,64,63,78,70,70,62,79,78,77,64,71,73,77,80,73,68,63,58,62,62,60,130,123,59,58,59,63,75,128,79,156,63,54,58,89
20230105,11,AQI,77,73,80,79,78,72,79,77,82,73,85,32,79,73,73,84,75,66,63,68,69,145,128,73,68,72,73,70,88,84,190,70,55,60,69
20230105,12,AQI,83,80,82,79,88,82,79,78,89,85,84,72,83,77,74,90,83,79,69,74,79,145,138,83,77,98,93,70,94,104,199,89,64,80,102
20230105,13,AQI,89,113,90,102,89,92,83,83,105,104,94,77,82,87,77,89,83,88,77,85,97,149,145,103,97,113,112,90,142,127,213,89,79,94,103
20230105,14,AQI,94,135,103,122,35,97,87,85,117,117,103,89,83,92,75,82,77,107,100,97,105,155,163,115,107,123,122,110,180,180,230,95,89,135,104
20230105,15,AQI,107,145,122,144,105,105,97,90,113,128,124,99,80,87,79,78,75,98,98,90,92,162,165,115,108,127,130,122,192,182,231,102,97,148,105
20230105,16,AQI,118,156,134,152,104,120,94,95,169,138,130,119,82,93,82,37,75,99,100,90,83,169,169,123,110,135,148,137,201,182,242,117,103,159,110
20230105,17,AQI,134,168,149,162,100,123,99,98,176,149,138,135,89,97,83,78,75,104,114,100,97,173,172,129,127,139,139,147,208,196,240,123,102,179,122
20230105,18,AQI,173,179,163,196,110,115,109,99,200,152,54,139,93,97,82,79,82,107,107,110,98,179,189,133,132,148,152,155,213,210,251,115,127,200,120
20230105,19,AQI,199,206,195,205,130,125,178,103,224,153,54,148,98,104,83,93,100,125,115,125,109,201,196,142,142,156,189,159,218,216,251,125,110,195,129
20230105,20,AQI,206,212,209,209,160,140,195,104,230,140,54,140,90,104,85,119,105,112,118,148,114,224,207,148,145,188,206,163,219,220,261,114,109,204,132
20230105,21,AQI,209,213,208,213,188,172,152,120,238,152,54,138,83,100,85,110,107,112,122,160,144,226,220,160,162,213,217,169,222,226,253,112,110,170,135
20230105,22,AQI,211,217,210,211,201,203,132,133,233,135,54,115,79,97,82,107,114,117,112,147,127,220,225,179,172,235,227,158,228,233,268,108,114,179,142
20230105,23,AQI,202,212,204,200,144,206,132,133,217,138,54,118,79,94,92,99,109,107,107,142,133,211,217,188,178,238,233,159,233,236,268,108,108,182,140
20230106,0,AQI,195,203,175,201,124,214,103,130,196,139,54,129,78,95,85,98,104,102,102,147,132,211,211,193,168,247,247,173,238,236,277,102,107,182,133
20230106,1,AQI,147,199,108,190,129,202,100,108,142,117,54,99,79,97,88,105,104,102,99,134,129,203,202,166,145,255,248,185,235,245,281,99,100,199,123
20230106,2,AQI,138,162,117,130,139,176,108,97,117,114,54,98,80,100,80,93,102,100,102,139,137,206,199,149,147,266,253,205,251,256,277,98,99,150,124
20230106,3,AQI,144,149,130,128,160,185,140,110,112,104,54,99,84,99,84,93,100,99,104,135,135,204,195,134,142,247,245,198,245,258,298,94,94,129,124
20230106,4,AQI,175,162,163,137,169,204,160,127,139,100,54,127,89,97,93,88,93,108,105,133,133,198,192,139,153,242,232,183,243,268,294,92,94,112,125
20230106,5,AQI,202,182,193,180,173,198,162,139,182,103,54,140,95,98,94,85,88,110,109,135,134,208,212,149,159,228,215,166,237,234,303,99,102,112,134
20230106,6,AQI,160,201,193,189,145,162,152,132,192,119,54,145,98,105,95,78,82,119,110,133,139,209,204,140,150,172,160,138,217,203,298,107,82,127,127
20230106,7,AQI,139,179,172,158,135,159,129,123,185,147,54,140,99,105,84,78,79,110,113,132,143,205,199,142,148,162,149,129,214,188,293,133,83,125,135
20230106,8,AQI,147,159,166,166,144,160,132,129,165,135,54,138,118,109,87,79,82,128,122,130,139,213,202,149,152,156,152,113,215,186,278,134,90,129,139
20230106,9,AQI,156,185,176,182,155,162,148,128,156,123,153,150,119,118,97,70,71,129,119,135,124,211,207,142,149,160,155,104,199,213,270,147,103,134,140
20230106,10,AQI,173,170,175,173,159,176,160,158,145,140,144,138,123,129,115,68,63,125,117,135,113,206,199,139,147,168,163,104,168,186,269,112,92,153,156
20230106,11,AQI,137,142,149,160,132,188,148,162,156,188,133,127,73,95,69,70,64,115,124,119,122,165,156,134,139,150,148,114,162,170,258,88,67,200,160
20230106,12,AQI,75,73,102,94,72,99,67,74,109,182,59,85,58,114,61,64,60,117,117,108,100,143,134,115,120,109,120,128,172,119,242,85,63,170,158
20230106,13,AQI,54,59,46,66,51,53,50,69,52,57,57,87,57,99,57,62,57,107,112,88,99,109,100,79,82,135,69,103,172,127,216,96,62,117,62
20230106,14,AQI,57,51,50,50,55,53,54,84,54,42,57,124,60,99,55,69,64,61,66,78,71,94,80,53,79,113,58,100,66,76,180,78,71,51,28
20230106,15,AQI,59,54,50,52,56,56,53,80,48,35,53,92,20,113,64,91,82,37,28,43,39,94,60,42,82,125,63,97,47,80,76,86,58,52,29
20230106,16,AQI,63,55,52,51,57,55,57,21,45,34,55,87,92,141,76,96,86,36,30,28,27,77,38,51,81,113,62,74,40,83,109,88,65,49,27
20230106,17,AQI,22,63,59,57,66,62,66,112,56,37,59,101,93,133,73,112,97,38,30,31,28,62,31,52,74,105,64,76,46,86,95,94,73,47,29
20230106,18,AQI,21,74,69,65,76,69,76,127,60,45,65,107,102,121,82,116,105,37,33,34,29,60,34,49,70,87,58,78,55,101,83,96,75,52,32
20230106,19,AQI,70,76,71,70,79,71,76,117,70,51,76,120,105,125,84,105,96,40,35,39,27,59,32,47,64,80,56,90,64,106,117,96,85,59,43
20230106,20,AQI,62,70,65,67,79,73,67,90,66,55,73,96,106,127,73,91,91,45,44,39,36,51,27,52,68,82,58,99,64,95,116,97,86,58,52
20230106,21,AQI,56,63,59,61,75,73,61,70,71,54,87,72,80,112,66,95,90,51,43,46,53,54,33,52,67,83,61,88,63,75,102,93,100,73,53
20230106,22,AQI,55,57,56,56,71,67,57,61,70,55,74,79,76,95,66,87,92,31,44,51,55,57,52,53,64,73,61,78,59,63,98,89,91,78,54
20230106,23,AQI,52,58,89,59,70,67,59,57,70,62,70,72,70,86,69,75,70,30,48,52,53,56,37,57,63,76,64,66,58,69,98,84,84,79,55
20230107,0,AQI,51,58,28,58,69,67,64,57,76,70,78,72,66,73,68,83,73,26,48,48,50,55,38,63,64,72,71,68,60,76,96,75,78,63,56
20230107,1,AQI,51,60,82,59,70,71,63,52,82,60,75,69,62,69,72,64,61,27,47,47,52,53,39,64,61,74,70,74,60,65,92,67,72,52,56
20230107,2,AQI,54,58,67,62,78,76,65,55,97,64,71,68,63,64,62,66,59,29,47,44,46,54,39,62,60,74,79,80,61,61,88,63,71,51,56
20230107,3,AQI,55,59,70,70,79,75,65,55,92,65,67,66,59,63,53,65,57,27,47,43,47,52,38,58,55,78,82,76,63,65,86,63,67,47,57
20230107,4,AQI,57,61,73,75,72,72,67,53,82,67,66,69,60,60,57,55,54,23,47,43,47,47,42,54,50,72,84,70,68,64,82,59,63,39,58
20230107,5,AQI,56,62,68,73,70,66,73,56,74,76,65,65,62,63,59,56,54,20,43,47,46,44,39,52,43,78,75,71,70,66,84,56,62,40,54
20230107,6,AQI,54,60,65,66,65,66,76,57,79,70,65,63,64,69,63,57,54,20,42,45,46,51,40,52,48,69,72,70,73,62,84,54,59,41,54
20230107,7,AQI,50,60,64,66,62,64,74,57,80,67,67,66,66,66,62,58,57,27,40,43,46,44,38,52,49,62,69,67,75,65,82,56,59,40,57
20230107,8,AQI,42,59,62,66,60,59,75,54,80,62,67,64,70,67,65,56,53,30,43,48,44,48,43,52,51,60,63,71,79,97,81,54,63,46,57
20230107,9,AQI,43,63,62,55,55,57,80,54,83,70,73,66,68,70,67,61,58,40,39,52,45,63,47,54,52,64,63,77,73,112,88,68,65,52,57
20230107,10,AQI,44,57,65,55,55,59,80,60,77,71,68,67,69,76,80,67,65,38,52,53,46,54,62,59,50,57,63,83,64,63,86,72,63,59,60
20230107,11,AQI,49,57,61,59,56,62,65,59,79,68,68,72,67,73,68,73,75,40,52,53,45,58,58,61,51,67,67,78,57,56,77,64,61,62,58
20230107,12,AQI,49,61,63,61,59,64,64,59,66,68,71,67,65,65,68,68,68,37,52,55,47,61,61,56,44,67,76,70,59,57,76,66,62,59,59
20230107,13,AQI,53,61,64,64,61,65,66,59,67,74,67,59,65,64,65,66,67,36,49,54,45,53,53,57,51,62,74,63,62,58,91,67,68,29,59
20230107,14,AQI,54,65,66,67,61,64,69,57,68,73,68,69,60,57,65,66,65,46,49,53,50,52,54,55,42,59,73,63,65,58,101,66,71,29,64
20230107,15,AQI,59,69,70,72,65,69,70,60,74,22,75,67,59,58,61,66,67,44,50,54,51,68,56,64,56,68,77,68,72,63,102,65,69,54,65
20230107,16,AQI,32,72,75,73,65,72,70,59,75,22,77,68,61,61,61,69,68,49,52,59,55,76,61,62,57,79,80,72,78,67,102,69,69,57,71
20230107,17,AQI,38,72,77,75,69,75,76,62,77,36,74,67,62,65,64,67,65,74,52,62,63,93,65,62,64,85,87,78,88,77,108,72,69,62,75
20230107,18,AQI,40,70,77,76,70,74,82,70,79,35,74,68,73,67,64,63,63,78,54,73,68,97,73,66,65,91,91,82,90,85,105,76,78,64,74
20230107,19,AQI,50,72,76,82,70,79,81,67,82,38,85,66,77,70,66,64,62,74,56,92,63,94,79,69,67,91,94,87,89,84,108,73,78,70,73
20230107,20,AQI,57,75,79,82,73,84,78,63,95,81,99,69,72,73,62,63,60,71,57,90,81,83,98,75,70,94,95,92,90,88,169,73,85,76,74
20230107,21,AQI,74,74,78,86,74,82,82,62,99,82,96,79,62,64,61,70,61,69,58,79,79,73,106,76,66,95,102,92,92,86,137,70,83,73,76
20230107,22,AQI,69,74,77,83,76,81,82,66,100,80,82,85,61,65,57,71,68,64,61,84,77,73,90,85,70,100,104,97,93,87,132,69,79,66,74
20230107,23,AQI,52,74,35,77,79,82,78,62,91,83,83,75,65,64,57,72,69,60,56,79,72,77,90,82,76,94,111,115,97,91,119,68,70,67,76
20230108,0,AQI,52,69,89,72,81,82,73,64,91,80,77,72,61,61,62,76,71,59,56,64,74,73,87,80,70,93,114,100,99,91,110,66,66,66,71
20230108,1,AQI,53,69,83,71,75,80,74,63,77,80,75,66,58,61,57,69,70,55,57,59,70,75,84,71,68,92,108,91,95,90,108,62,66,64,67
20230108,2,AQI,45,67,74,69,70,77,74,64,76,79,70,65,58,59,57,69,66,55,58,59,63,77,77,67,62,92,101,83,94,89,110,63,67,61,66
20230108,3,AQI,43,65,73,68,67,74,73,64,77,76,69,65,59,61,58,72,79,56,59,57,61,72,73,73,67,78,93,74,91,77,108,66,66,60,64
20230108,4,AQI,39,61,73,69,65,73,70,61,76,71,68,64,60,60,61,72,64,58,59,57,66,73,67,68,63,66,74,70,86,73,112,64,64,57,65
20230108,5,AQI,36,58,71,66,64,69,69,63,73,68,69,56,63,61,63,62,60,58,60,56,67,66,66,65,61,69,70,72,82,72,108,60,63,55,71
20230108,6,AQI,35,56,70,65,64,67,70,64,79,67,66,64,65,63,80,56,55,59,61,59,61,71,67,63,63,75,72,72,85,68,100,58,62,55,69
20230108,7,AQI,35,60,71,65,65,68,70,64,78,72,68,64,74,66,85,56,55,63,63,64,64,70,68,65,61,71,71,74,79,70,96,61,64,59,71
20230108,8,AQI,38,60,73,67,68,67,73,62,77,74,68,68,81,73,81,59,57,63,63,62,67,71,70,67,64,76,72,76,77,70,89,63,67,59,82
20230108,9,AQI,77,68,78,77,70,71,77,64,50,73,74,75,76,81,77,65,62,74,66,68,68,75,73,68,67,75,75,73,76,71,83,67,72,58,86
20230108,10,AQI,80,72,84,80,74,76,78,73,50,78,83,77,69,73,70,79,78,73,71,71,67,80,77,73,70,75,79,78,75,73,75,67,77,62,80
20230108,11,AQI,76,69,78,78,74,76,75,73,50,82,78,78,59,69,63,83,81,71,72,70,63,88,79,74,70,79,82,84,73,70,82,54,79,62,78
20230108,12,AQI,73,65,74,71,71,78,71,74,57,75,71,71,50,66,55,74,71,67,68,69,59,84,82,70,66,75,79,74,70,71,84,55,53,62,84
20230108,13,AQI,71,65,66,70,69,72,58,55,61,66,61,69,44,54,52,70,68,62,61,58,53,55,57,60,55,64,69,65,66,65,76,59,45,62,86
20230108,14,AQI,64,60,53,61,54,64,49,32,53,53,53,48,40,45,43,62,63,56,55,48,44,40,38,57,56,60,61,59,63,58,62,53,42,62,85
20230108,15,AQI,58,55,51,56,56,60,45,33,46,50,50,51,37,47,41,52,52,48,48,39,36,36,29,50,55,56,55,58,58,52,60,47,39,59,79
20230108,16,AQI,57,53,52,56,57,58,45,38,43,43,43,41,38,46,42,41,40,40,38,39,36,33,26,45,46,53,53,56,56,62,54,40,32,53,74
20230108,17,AQI,54,52,57,57,52,51,52,50,52,42,46,45,41,48,45,45,42,46,37,34,31,34,25,48,47,52,47,55,54,58,52,35,35,112,73
20230108,18,AQI,45,41,51,55,44,43,52,54,53,60,53,57,50,55,44,56,49,53,37,29,28,38,24,46,46,50,41,59,51,52,48,44,42,105,68
20230108,19,AQI,43,39,46,51,43,41,55,52,47,60,51,54,52,53,35,57,59,68,53,25,28,38,29,43,42,53,48,58,48,48,43,56,53,127,60
20230108,20,AQI,41,35,36,39,37,40,54,54,62,53,51,52,53,56,21,51,55,25,35,21,25,24,24,38,37,53,50,58,47,47,46,63,66,98,56
20230108,21,AQI,34,29,27,34,28,31,32,51,28,49,45,44,21,54,22,26,26,51,20,22,21,19,23,26,38,45,39,49,41,41,47,55,65,66,52
20230108,22,AQI,27,23,22,28,23,23,25,36,23,39,34,38,21,58,21,19,20,50,21,22,22,19,24,22,27,37,25,37,30,34,43,58,77,41,34
20230108,23,AQI,19,20,19,21,19,17,20,35,19,29,25,29,51,57,20,19,20,44,20,23,23,19,23,23,29,20,20,23,20,22,34,60,73,35,28
20230109,0,AQI,18,18,20,19,18,19,15,26,16,30,20,28,28,58,19,20,20,38,22,24,23,19,23,23,24,17,18,17,16,15,34,60,72,18,28
20230109,1,AQI,18,19,20,20,17,18,16,29,16,23,18,19,45,53,17,20,21,34,21,23,23,18,23,23,22,23,20,17,18,14,32,58,63,19,26
20230109,2,AQI,17,19,20,17,15,17,16,18,18,22,18,17,37,53,17,20,20,31,19,22,23,55,20,24,23,22,16,16,17,22,35,51,54,18,28
20230109,3,AQI,18,19,19,18,15,18,22,19,17,21,16,22,30,46,16,19,20,29,19,21,22,17,22,24,24,25,16,19,15,26,56,44,54,15,36
20230109,4,AQI,18,19,18,15,15,17,16,18,16,20,15,16,28,30,15,19,20,26,20,21,22,19,23,24,24,18,15,16,15,27,64,37,48,25,17
20230109,5,AQI,18,18,19,16,25,16,17,21,18,17,20,19,22,36,15,19,20,26,18,22,22,20,23,24,23,30,29,15,12,24,53,36,39,20,16
20230109,6,AQI,16,17,17,17,16,15,21,17,21,18,15,13,28,46,15,18,19,25,17,22,22,19,22,23,22,43,60,15,16,29,57,36,33,20,22
20230109,7,AQI,14,13,17,15,22,15,24,16,23,18,20,14,24,39,15,16,15,24,16,19,21,50,17,23,20,54,63,25,24,36,60,33,38,24,26
20230109,8,AQI,15,26,28,24,21,20,49,18,23,24,24,21,23,40,17,20,20,23,16,15,20,53,35,16,17,61,66,51,29,36,61,30,38,24,37
20230109,9,AQI,24,28,28,30,22,23,41,18,41,23,43,29,22,38,20,39,51,24,16,29,20,56,53,22,34,49,63,64,33,34,66,31,42,30,40
20230109,10,AQI,27,39,37,57,15,28,29,14,45,21,41,43,21,42,16,26,26,23,17,42,20,54,61,23,38,21,30,64,52,58,73,32,36,38,34
20230109,11,AQI,56,57,60,64,28,40,34,23,41,39,42,31,20,42,17,20,20,23,18,22,22,29,45,21,20,16,22,67,54,59,71,28,36,29,27
20230109,12,AQI,61,66,67,73,38,58,55,38,51,44,51,39,31,27,20,22,7,21,19,8,23,30,24,32,34,30,52,53,54,61,59,33,34,23,33
20230109,13,AQI,61,69,68,73,44,56,63,44,58,40,55,50,28,35,29,23,22,21,20,21,5,23,23,32,34,25,53,42,54,57,50,36,42,17,29
20230109,14,AQI,64,61,65,62,58,53,61,36,52,36,53,51,25,22,23,23,23,20,21,24,24,22,25,32,34,53,48,27,54,45,39,37,44,20,31
20230109,15,AQI,61,50,56,47,60,64,60,43,40,38,42,35,26,22,22,23,23,20,21,25,24,20,25,20,18,51,55,32,54,22,32,32,35,34,43
20230109,16,AQI,47,36,41,37,56,56,48,41,38,49,40,28,21,22,23,22,24,19,20,25,24,20,24,21,20,51,56,51,54,24,45,29,34,36,45
20230109,17,AQI,41,38,45,51,38,37,42,31,51,47,53,44,44,29,24,20,23,16,25,21,22,35,20,26,15,35,48,48,54,48,48,40,49,37,46
20230109,18,AQI,52,44,52,51,48,51,52,55,57,51,52,52,55,50,32,27,29,25,36,22,38,51,23,51,21,52,44,55,54,51,56,52,54,40,47
20230109,19,AQI,55,46,53,54,50,54,53,56,59,55,55,55,45,51,28,38,32,30,32,36,49,59,49,62,37,64,57,54,65,56,66,62,57,44,48
20230109,20,AQI,55,48,55,55,53,54,55,56,61,61,58,57,39,43,83,42,37,30,30,53,53,54,59,71,53,63,58,55,73,57,78,67,62,52,50
20230109,21,AQI,56,50,56,58,54,55,59,58,61,63,59,59,36,43,36,42,40,30,30,55,48,53,57,76,60,71,63,55,81,58,72,66,68,54,52
20230109,22,AQI,59,52,58,61,55,58,61,62,66,66,60,61,44,53,28,46,42,25,30,51,56,51,61,76,64,64,69,60,78,55,60,64,63,54,53
20230109,23,AQI,63,57,59,62,58,58,63,62,69,68,65,62,50,54,29,49,45,22,31,58,52,49,55,86,68,59,64,56,78,56,55,55,61,54,55
20230110,0,AQI,61,59,58,60,57,59,63,61,67,70,68,63,51,45,30,48,51,23,32,45,44,45,56,79,61,55,61,53,77,56,40,53,59,54,58
20230110,1,AQI,61,58,62,62,59,60,67,60,71,68,69,63,52,50,37,42,45,25,31,39,41,45,53,84,63,48,56,50,80,52,38,49,56,62,59
20230110,2,AQI,61,57,61,63,60,59,68,60,72,70,72,64,48,53,38,45,44,26,32,40,40,48,53,71,59,48,56,55,79,53,47,46,58,68,59
20230110,3,AQI,58,55,58,60,57,58,66,58,72,68,71,67,55,48,39,45,42,23,37,47,44,46,52,62,58,46,62,49,77,53,52,47,54,65,62
20230110,4,AQI,56,54,56,56,55,58,66,58,69,65,70,64,52,52,41,43,39,26,43,44,46,45,53,60,55,49,56,51,75,53,51,45,53,64,63
20230110,5,AQI,55,52,58,54,55,53,65,55,66,65,75,62,55,46,42,43,39,28,47,49,46,45,52,58,54,48,54,39,73,49,57,45,53,63,68
20230110,6,AQI,55,51,62,56,59,53,64,55,69,65,67,65,54,51,44,44,40,28,49,52,47,39,48,57,55,58,55,42,68,50,53,46,54,62,67
20230110,7,AQI,56,51,61,59,58,57,57,54,74,66,62,63,54,51,48,45,40,35,46,51,47,39,42,58,55,73,64,48,50,54,54,49,55,69,63
20230110,8,AQI,60,56,59,62,60,57,60,52,73,61,64,56,57,49,59,49,43,42,45,53,50,35,42,57,53,87,78,50,50,54,50,50,58,69,63
20230110,9,AQI,62,60,60,64,62,58,60,54,73,58,66,60,58,55,55,54,52,46,47,59,53,36,45,54,53,85,80,62,53,59,63,51,56,78,64
20230110,10,AQI,65,61,59,67,67,64,63,52,65,59,69,59,59,60,57,55,56,65,50,62,57,37,50,53,50,78,70,64,55,59,74,53,57,65,67
20230110,11,AQI,60,65,61,67,73,68,65,53,65,65,71,56,61,60,58,59,56,61,52,58,52,35,44,56,53,63,65,60,63,63,87,63,59,69,61
20230110,12,AQI,71,66,64,66,78,8,67,59,65,65,69,52,64,57,56,60,59,45,52,56,51,32,41,60,65,63,64,57,65,60,38,59,10,64,72
20230110,13,AQI,74,60,66,62,79,99,67,60,65,66,70,52,62,54,59,59,59,50,54,59,56,32,43,61,60,55,59,49,48,48,29,55,22,58,69
20230110,14,AQI,61,57,60,60,85,72,68,60,63,60,71,62,62,57,61,59,57,54,57,58,57,36,45,62,60,43,49,29,31,30,43,57,67,39,63
20230110,15,AQI,58,47,56,52,65,56,28,63,53,53,62,48,63,59,61,56,55,57,57,60,57,36,42,63,60,30,35,24,27,22,47,56,67,30,54
20230110,16,AQI,48,33,48,38,70,48,88,59,47,46,55,38,63,60,64,57,56,56,57,61,60,36,48,64,60,39,32,29,6,18,40,53,63,23,54
20230110,17,AQI,40,33,40,36,74,65,95,64,37,37,50,31,63,62,64,56,56,59,67,64,64,40,53,65,63,29,28,27,26,24,35,47,70,22,51
20230110,18,AQI,68,31,55,38,77,74,140,68,39,39,51,39,68,62,63,62,64,65,62,69,70,61,57,68,65,61,34,28,33,21,49,63,76,26,51
20230110,19,AQI,78,32,83,39,73,74,130,68,45,44,73,66,68,64,72,67,68,80,68,98,70,64,70,72,69,71,63,31,35,24,55,64,76,39,49
20230110,20,AQI,88,53,9,73,75,78,115,65,70,49,74,62,70,73,64,66,69,83,69,97,72,69,82,73,69,72,69,50,36,33,62,72,75,48,43
20230110,21,AQI,74,68,9,74,77,77,105,67,75,70,82,60,65,75,60,71,73,75,67,79,76,60,103,74,77,73,74,55,41,42,87,68,73,54,44
20230110,22,AQI,73,73,85,75,80,75,103,72,76,68,76,60,61,70,58,75,75,69,72,77,72,52,94,93,94,80,78,70,43,62,94,67,69,55,45
20230110,23,AQI,78,75,89,75,85,74,99,67,80,68,77,66,59,70,58,75,78,70,69,74,75,46,90,89,93,83,80,51,51,60,118,64,67,47,52
20230111,0,AQI,78,77,89,77,87,78,92,68,77,61,72,64,59,68,57,68,72,64,63,70,77,45,82,84,89,85,82,48,53,64,110,60,64,48,56
20230111,1,AQI,75,75,85,78,90,78,80,72,74,60,66,59,57,67,56,67,73,62,68,64,69,45,72,84,88,90,85,57,57,78,112,59,62,53,56
20230111,2,AQI,74,74,87,82,93,78,78,73,72,59,67,62,60,68,56,61,69,68,68,62,65,39,63,83,89,97,92,57,62,83,120,62,64,46,52
20230111,3,AQI,75,74,85,82,94,80,80,72,71,60,66,63,59,65,56,62,68,60,62,62,60,40,57,78,78,92,90,65,60,84,112,60,62,50,56
20230111,4,AQI,74,73,77,80,88,80,77,73,70,61,65,64,55,62,54,60,64,57,63,58,63,40,58,69,74,94,93,61,62,85,112,62,62,58,57
20230111,5,AQI,70,70,74,79,85,77,74,70,68,62,64,64,58,63,55,70,64,63,65,57,61,42,51,65,70,90,84,53,68,88,110,62,62,65,57
20230111,6,AQI,72,70,72,78,75,74,70,69,68,62,64,60,55,60,54,70,70,57,58,58,58,39,44,63,65,85,82,62,70,89,104,62,61,123,59
20230111,7,AQI,70,67,73,75,73,69,70,68,68,63,64,60,54,62,53,63,60,53,60,56,56,39,44,58,62,78,78,65,65,89,98,62,60,73,60
20230111,8,AQI,63,68,69,69,69,68,72,69,69,62,68,60,58,60,53,62,68,65,58,58,58,51,45,58,62,77,74,72,73,90,99,63,62,59,63
20230111,9,AQI,64,64,69,67,65,68,73,69,72,63,71,60,59,59,54,64,65,55,63,59,70,50,48,59,62,78,78,75,73,92,99,63,60,62,67
20230111,10,AQI,72,65,69,72,68,70,73,70,72,66,69,62,69,67,55,73,78,60,62,61,68,55,58,64,64,83,74,73,79,94,123,63,60,62,64
20230111,11,AQI,74,67,67,69,75,78,69,65,71,65,69,59,68,67,58,75,75,62,85,63,63,60,57,73,74,120,3,70,85,97,140,63,61,73,62
20230111,12,AQI,80,74,85,79,102,97,70,68,69,64,72,64,69,62,64,84,73,58,59,64,56,62,59,89,80,133,40,72,92,97,158,64,61,77,64
20230111,13,AQI,87,79,89,82,100,108,6,74,71,68,75,64,68,60,64,64,63,60,58,59,54,69,62,87,84,135,137,74,93,100,149,67,64,84,69
20230111,14,AQI,94,93,92,88,105,119,79,75,77,68,74,62,68,69,64,58,58,65,62,58,55,82,79,88,85,134,135,84,102,115,132,70,66,94,69
20230111,15,AQI,113,99,98,43,127,128,97,84,82,73,73,64,82,83,78,61,60,73,64,60,57,87,89,90,82,135,133,87,120,130,163,73,69,99,72
20230111,16,AQI,119,108,112,109,124,133,103,98,90,89,75,63,87,85,89,63,62,70,67,65,60,103,104,98,84,127,134,94,115,124,150,72,70,110,74
20230111,17,AQI,119,122,120,123,128,138,114,102,89,103,82,70,87,84,89,68,68,77,70,68,73,113,123,105,87,134,133,90,110,125,152,74,72,132,77
20230111,18,AQI,123,122,123,114,132,138,112,99,95,114,88,80,90,89,95,79,75,84,74,82,79,135,134,32,87,140,129,84,130,140,159,80,84,138,79
20230111,19,AQI,122,122,132,107,128,139,97,100,103,117,90,78,95,90,89,87,84,89,80,85,87,139,145,107,90,135,125,95,139,147,156,87,92,135,90
20230111,20,AQI,138,125,143,124,128,135,100,97,95,108,89,78,95,93,87,87,84,98,83,92,87,137,153,113,93,137,127,94,142,153,160,84,90,137,97
20230111,21,AQI,137,129,125,134,123,128,94,92,93,99,95,78,98,92,85,88,85,102,94,99,97,140,158,118,99,140,130,103,144,152,172,85,94,137,93
20230111,22,AQI,130,134,108,137,120,132,93,92,93,93,89,78,94,94,88,87,84,103,98,100,110,165,160,118,103,143,133,109,148,145,160,87,95,110,97
20230111,23,AQI,118,128,110,133,117,120,99,97,97,92,85,74,90,97,87,82,84,28,99,103,109,139,156,119,104,145,133,117,147,144,147,84,88,100,97
20230112,0,AQI,118,128,115,123,109,115,98,102,100,88,87,77,93,100,90,89,97,104,99,103,99,153,156,118,107,130,129,125,145,147,149,83,83,102,89
20230112,1,AQI,118,119,112,119,103,109,94,98,98,89,92,84,88,98,80,98,100,99,97,98,105,142,160,122,112,128,123,120,140,137,160,77,79,97,88
20230112,2,AQI,405,107,98,119,104,107,93,97,97,95,84,87,88,98,80,92,93,98,98,95,109,118,143,124,114,120,115,127,133,125,152,79,79,102,94
20230112,3,AQI,298,102,97,114,98,102,94,98,104,93,85,88,89,98,83,92,90,97,97,98,107,117,140,124,119,112,105,128,132,120,142,78,79,99,97
20230112,4,AQI,133,99,99,104,97,99,95,99,105,87,87,90,90,94,87,90,92,100,99,104,105,123,124,118,118,110,103,122,120,115,169,80,80,98,99
20230112,5,AQI,110,100,95,107,98,99,97,99,99,87,85,87,93,93,95,90,90,99,94,104,99,122,124,110,114,105,98,105,118,113,140,82,82,95,88
20230112,6,AQI,102,98,94,105,102,98,97,95,100,88,87,87,94,93,97,90,89,99,97,110,94,115,123,109,112,104,99,100,113,114,139,80,82,100,90
20230112,7,AQI,103,105,100,105,102,97,95,94,103,92,90,89,97,94,99,90,89,103,97,102,93,115,122,109,110,103,100,90,114,113,140,82,83,102,90
20230112,8,AQI,102,107,98,107,98,100,94,95,99,90,89,85,100,98,103,94,89,104,98,94,93,122,122,110,110,103,100,95,114,112,139,84,84,105,93
20230112,9,AQI,103,99,100,105,102,103,95,95,99,99,94,87,99,98,109,103,102,100,100,93,102,118,117,110,108,103,99,100,113,110,138,87,85,112,99
20230112,10,AQI,103,100,107,114,107,105,100,95,104,108,100,89,102,98,109,107,104,102,100,97,97,122,125,115,109,103,97,98,118,113,147,89,92,114,103
20230112,11,AQI,104,107,109,118,112,113,107,98,110,110,54,93,115,102,109,105,108,105,103,99,102,133,142,114,110,107,102,89,119,118,150,94,95,119,102
20230112,12,AQI,112,113,113,120,114,115,113,102,112,118,117,94,124,105,120,115,114,105,108,99,113,142,155,114,108,112,105,90,129,128,160,94,99,120,108
20230112,13,AQI,37,115,117,122,119,117,122,123,122,118,128,94,138,109,134,122,122,112,110,103,109,128,140,115,112,114,109,93,129,124,176,99,98,127,120
20230112,14,AQI,119,117,123,124,129,122,129,129,129,119,124,102,137,124,147,127,125,118,113,112,112,134,143,119,114,118,110,93,128,124,163,104,102,130,139
20230112,15,AQI,130,124,132,130,138,129,132,135,133,128,127,108,140,133,140,129,128,118,120,123,117,137,150,123,119,123,113,95,134,127,143,122,113,135,137
20230112,16,AQI,140,134,135,137,143,132,130,137,130,134,130,108,145,140,143,134,129,123,123,119,122,153,178,130,125,135,122,97,139,135,109,123,125,139,124
20230112,17,AQI,144,142,138,138,144,132,132,139,128,138,130,112,145,145,137,37,122,123,123,119,122,148,145,133,128,143,127,104,133,137,118,124,118,140,130
20230112,18,AQI,149,147,143,137,142,135,135,139,132,134,134,114,148,148,138,127,114,129,125,128,120,153,156,137,134,144,125,78,135,137,133,128,122,143,134
20230112,19,AQI,152,145,144,137,139,138,138,142,137,137,137,117,156,153,137,122,112,127,124,119,115,170,169,134,133,145,128,78,134,135,120,133,125,149,134
20230112,20,AQI,160,145,143,134,140,139,138,138,130,133,137,115,150,152,133,127,115,120,120,110,107,156,140,132,129,144,129,78,132,135,122,137,129,144,135
20230112,21,AQI,166,145,142,137,143,142,132,129,129,139,137,112,147,145,130,135,129,119,117,109,110,162,127,123,123,140,127,78,134,139,109,139,133,147,137
20230112,22,AQI,160,140,133,132,139,140,122,122,124,137,134,114,139,140,129,143,139,115,115,112,114,158,172,118,120,135,124,127,139,140,93,142,139,143,134
20230112,23,AQI,163,137,132,130,138,140,122,123,123,130,130,115,134,135,130,153,144,115,114,113,112,155,163,119,122,127,119,129,138,142,118,147,139,133,134
20230113,0,AQI,168,135,133,132,142,138,129,130,123,127,124,118,130,138,143,172,166,117,115,109,110,153,166,119,123,133,122,130,132,133,122,147,142,129,134
20230113,1,AQI,159,135,135,134,137,138,132,133,123,127,125,120,138,138,149,178,175,110,113,107,112,144,123,32,34,124,117,132,132,133,117,152,147,142,133
20230113,2,AQI,134,134,140,134,138,137,134,132,129,137,134,123,155,155,168,176,169,115,113,108,112,150,133,90,34,128,120,135,135,137,127,149,147,138,128
20230113,3,AQI,142,138,147,140,147,140,142,133,132,138,130,125,163,162,170,183,179,110,109,107,110,143,110,115,117,124,119,139,135,135,127,150,147,143,115
20230113,4,AQI,150,145,155,150,155,145,150,145,135,135,132,132,169,172,178,180,183,109,112,105,109,135,129,117,118,123,114,144,142,143,129,148,138,145,105
20230113,5,AQI,143,147,158,155,148,135,148,159,153,132,140,150,170,172,169,178,176,104,105,104,109,132,110,115,117,122,113,159,144,143,130,143,133,140,100
20230113,6,AQI,128,139,160,155,138,122,159,172,160,135,140,158,165,169,166,178,176,105,108,104,110,139,108,114,117,118,109,170,138,132,122,142,133,138,108
20230113,7,AQI,135,135,158,145,130,127,156,166,163,135,133,149,160,168,163,180,180,104,109,99,105,139,134,114,115,113,105,172,129,127,123,144,137,133,98
20230113,8,AQI,135,142,158,150,133,125,148,162,155,139,133,145,158,166,168,175,172,104,109,97,103,138,125,112,113,112,103,172,130,133,107,143,137,128,103
20230113,9,AQI,124,134,155,152,130,122,145,160,149,140,144,144,153,159,156,179,175,105,117,99,103,132,123,110,113,113,102,166,135,135,77,145,142,135,104
20230113,10,AQI,144,142,159,153,147,135,152,160,153,148,149,147,155,156,153,202,202,119,123,102,103,135,125,113,117,117,102,166,140,140,112,147,143,149,110
20230113,11,AQI,149,144,156,149,160,148,158,158,155,150,153,142,153,148,150,202,204,117,124,103,102,134,120,124,125,120,107,78,140,138,119,144,145,159,114
20230113,12,AQI,144,140,147,140,153,149,152,156,150,153,149,137,152,145,155,202,202,115,119,97,102,130,129,110,114,125,113,148,143,143,124,138,147,158,105
20230113,13,AQI,132,31,142,139,142,129,147,150,145,149,147,130,138,145,150,205,200,88,95,85,85,133,112,108,112,115,107,140,130,133,119,137,147,150,110
20230113,14,AQI,123,122,137,138,137,120,139,142,140,140,137,125,29,127,125,168,158,74,74,69,70,115,98,95,98,100,95,138,113,112,118,128,143,142,118
20230113,15,AQI,122,123,119,119,119,112,113,117,120,124,113,107,83,93,84,85,77,64,64,54,57,94,90,72,72,85,78,132,100,99,120,93,118,124,127
20230113,16,AQI,88,88,94,90,85,75,83,79,90,93,83,32,65,69,65,48,45,54,55,43,43,69,63,58,58,64,63,102,75,73,118,79,80,87,109
20230113,17,AQI,63,62,65,72,69,58,59,63,64,72,65,54,59,60,53,46,43,40,40,30,31,50,48,46,49,51,48,75,60,59,77,59,60,68,94
20230113,18,AQI,50,48,52,55,47,49,50,54,55,57,52,48,51,62,34,43,39,26,28,23,25,36,33,39,51,49,36,62,51,50,70,52,48,55,45
20230113,19,AQI,36,34,45,47,18,33,43,60,49,45,43,54,45,66,33,39,35,24,23,22,22,36,25,27,26,46,28,61,43,42,43,53,42,41,52
20230113,20,AQI,33,29,37,39,32,29,34,57,39,40,39,57,36,61,26,31,28,20,23,22,22,30,22,23,32,33,24,60,33,39,23,51,35,38,42
20230113,21,AQI,29,23,29,31,27,24,27,50,30,32,30,48,29,49,21,32,28,30,23,22,22,24,22,23,31,33,21,57,30,42,27,46,28,34,30
20230113,22,AQI,27,21,26,27,25,21,23,52,26,26,24,51,29,55,21,34,31,25,23,23,23,24,23,23,27,35,20,53,26,37,26,42,23,26,24
20230113,23,AQI,24,21,23,24,23,20,21,49,22,22,22,35,25,50,20,26,24,22,23,23,23,23,23,23,21,29,20,55,24,45,32,33,22,22,24
20230114,0,AQI,21,21,23,20,20,20,16,36,18,21,22,21,20,34,20,22,20,20,23,23,23,19,23,22,21,17,20,41,21,28,23,25,22,20,24
20230114,1,AQI,19,21,23,20,17,19,16,27,18,21,22,20,18,29,20,22,20,21,23,24,23,18,23,24,21,17,19,26,20,26,22,21,21,20,24
20230114,2,AQI,18,20,21,20,18,19,16,26,18,22,21,21,19,34,20,20,20,21,23,24,23,17,22,23,21,18,20,26,19,23,21,21,21,20,24
20230114,3,AQI,18,20,22,20,18,20,17,23,18,22,21,19,19,29,20,19,20,21,23,24,23,17,23,23,25,18,20,20,20,25,22,22,21,20,24
20230114,4,AQI,20,20,21,20,19,19,18,18,18,23,20,19,18,27,20,19,19,20,21,24,23,15,21,22,22,18,20,19,18,20,20,23,21,3,23
20230114,5,AQI,21,21,22,20,20,21,17,19,19,23,21,20,19,23,20,19,20,22,23,25,23,17,22,22,22,18,20,19,21,16,20,23,22,20,24
20230114,6,AQI,21,21,23,21,20,22,18,20,20,23,23,21,20,21,21,19,21,22,24,25,24,19,23,25,23,19,20,20,22,19,21,23,22,20,24
20230114,7,AQI,21,22,25,21,20,22,18,20,20,23,23,20,21,27,23,20,23,22,24,25,24,20,23,25,23,19,21,28,22,19,21,23,22,20,24
20230114,8,AQI,21,22,25,22,20,22,18,20,20,23,23,20,21,21,23,20,23,21,24,25,24,20,23,23,22,19,22,21,22,18,21,22,22,20,23
20230114,9,AQI,21,21,24,22,20,21,18,20,20,23,23,20,20,23,21,19,20,21,24,24,23,20,23,23,21,19,22,20,22,18,21,22,21,20,23
20230114,10,AQI,20,21,23,21,20,20,18,20,20,22,22,20,19,19,21,20,21,21,24,24,23,20,23,23,22,20,22,20,22,19,30,21,21,19,24
20230114,11,AQI,21,21,24,22,20,18,18,20,20,23,22,20,19,19,21,20,21,22,24,23,22,20,23,23,22,20,22,20,22,19,21,21,21,20,24
20230114,12,AQI,20,21,24,22,20,19,18,20,20,23,23,20,20,20,21,21,22,22,24,23,22,20,23,24,22,20,22,20,22,19,21,21,22,20,23
20230114,13,AQI,21,22,25,22,21,21,18,20,20,23,23,20,21,20,21,21,23,21,23,24,22,20,23,24,22,20,22,21,22,18,21,21,22,20,23
20230114,14,AQI,11,22,25,23,21,19,18,20,21,23,22,21,21,20,21,21,23,22,23,24,22,20,24,24,22,20,23,21,22,18,21,21,22,20,22
20230114,15,AQI,12,22,25,22,21,20,18,20,21,23,23,21,21,20,23,21,23,21,23,24,23,20,24,24,22,20,22,20,22,18,21,22,22,20,23
20230114,16,AQI,22,22,25,22,21,19,18,21,20,24,23,21,20,23,22,21,22,21,23,24,22,20,24,24,22,20,22,20,22,18,21,22,22,20,6
20230114,17,AQI,21,21,25,22,20,19,18,20,20,24,23,21,20,21,22,21,22,20,22,24,23,20,23,23,21,14,22,19,21,18,20,22,22,20,7
20230114,18,AQI,21,21,24,21,20,19,18,20,20,23,23,20,19,22,22,20,22,20,23,24,23,19,23,22,20,19,21,20,21,18,19,21,21,20,8
20230114,19,AQI,20,20,23,20,19,19,17,19,19,22,22,20,19,19,22,20,21,20,23,24,22,18,23,22,20,18,21,19,21,18,17,21,21,19,22
20230114,20,AQI,20,19,22,20,19,11,16,18,19,22,22,20,20,20,21,26,22,20,22,24,22,19,23,22,21,18,20,18,20,18,18,21,21,19,22
20230114,21,AQI,20,20,21,20,19,20,16,19,19,22,23,19,19,19,21,20,24,20,23,23,21,20,22,21,21,17,20,19,20,21,17,21,21,20,23
20230114,22,AQI,20,20,22,20,19,19,17,19,19,22,23,20,20,19,20,20,18,20,23,23,22,19,22,22,20,18,21,17,20,17,18,21,21,20,23
20230114,23,AQI,20,20,20,19,19,19,17,19,20,22,23,20,19,19,20,19,21,20,23,23,22,19,22,23,20,17,20,18,20,18,18,21,21,20,23
20230115,0,AQI,20,20,20,19,19,20,16,18,19,21,23,20,19,18,20,19,19,18,20,23,22,19,22,22,20,18,20,17,20,17,18,21,22,19,22
20230115,1,AQI,19,20,21,19,17,19,15,17,18,22,24,19,17,18,19,17,14,19,20,23,21,19,22,21,20,17,19,16,19,16,17,21,22,20,22
20230115,2,AQI,19,19,19,17,17,18,15,16,17,22,22,17,17,17,23,19,19,18,20,22,21,19,22,21,20,18,18,17,16,13,16,21,21,20,22
20230115,3,AQI,19,19,20,17,18,18,15,14,16,22,19,16,15,17,41,21,20,18,20,23,21,19,20,21,19,16,17,15,16,14,14,21,21,19,20
20230115,4,AQI,16,17,18,14,16,15,13,12,17,20,20,17,15,16,18,20,18,18,18,22,20,18,18,21,18,17,16,15,16,14,17,20,21,15,25
20230115,5,AQI,14,16,17,15,15,15,14,11,18,20,21,19,15,17,17,20,19,19,17,20,20,18,18,20,17,16,18,15,17,15,16,21,21,13,28
20230115,6,AQI,15,16,16,14,14,15,15,12,20,23,25,24,17,16,17,22,20,22,128,18,19,18,18,19,17,17,17,12,15,14,15,21,22,12,30
20230115,7,AQI,15,16,17,16,13,14,17,12,19,22,23,19,20,13,19,24,23,50,15,14,17,16,17,19,17,16,17,14,15,13,12,26,25,16,32
20230115,8,AQI,19,16,17,16,15,13,30,16,23,28,32,25,23,22,20,27,26,24,14,13,18,24,17,18,15,17,15,21,15,14,19,36,29,17,37
20230115,9,AQI,21,20,22,23,21,18,26,33,26,29,35,35,25,26,20,29,28,31,15,16,17,16,19,18,16,22,15,24,18,19,23,34,28,21,45
20230115,10,AQI,28,27,27,26,26,22,30,24,28,28,39,31,28,34,20,35,35,24,16,16,18,17,22,17,17,15,18,18,20,14,16,34,29,19,41
20230115,11,AQI,30,29,28,26,27,27,25,20,31,28,37,28,32,36,22,34,35,27,19,21,18,23,21,29,17,13,21,20,23,15,15,29,29,21,36
20230115,12,AQI,28,26,25,29,28,29,23,20,28,28,34,22,34,40,25,31,29,32,22,20,21,25,21,28,19,24,26,16,28,14,23,22,27,15,32
20230115,13,AQI,28,24,25,26,26,26,26,21,27,28,32,20,34,38,29,36,33,31,21,21,20,19,22,25,27,27,28,17,28,16,18,22,26,18,33
20230115,14,AQI,30,25,26,27,30,29,28,22,34,27,35,32,39,48,32,38,34,28,21,22,21,21,22,27,29,37,31,21,27,18,27,28,29,18,34
20230115,15,AQI,29,25,25,29,29,28,25,21,31,24,33,25,37,51,32,36,32,30,23,23,21,19,22,30,36,42,34,26,27,21,30,28,28,23,35
20230115,16,AQI,27,22,25,23,26,26,23,31,31,22,28,28,33,49,29,27,24,22,24,23,22,22,22,31,40,47,35,34,28,23,22,29,24,29,34
20230115,17,AQI,25,22,25,21,24,23,20,27,28,23,24,24,30,44,25,26,24,22,24,23,22,20,22,31,39,49,30,32,23,30,25,24,24,20,35
20230115,18,AQI,26,21,25,20,24,22,20,26,26,23,24,28,29,40,22,25,24,23,24,22,21,28,25,36,38,48,28,27,21,29,35,27,24,27,39
20230115,19,AQI,27,21,24,20,25,23,20,27,25,23,24,31,30,35,21,30,31,21,24,29,25,30,29,23,21,36,29,27,22,25,40,28,23,20,39
20230115,20,AQI,31,29,23,22,28,26,24,29,24,22,25,31,25,29,21,35,30,21,23,30,24,28,26,23,21,36,30,31,23,29,46,27,29,29,37
20230115,21,AQI,34,25,30,26,29,26,27,30,26,21,26,28,28,27,20,34,27,23,23,32,20,23,21,22,24,39,28,30,26,30,49,29,32,41,34
20230115,22,AQI,33,24,27,28,27,25,33,31,32,27,33,30,26,29,21,41,37,35,26,27,22,23,22,29,28,30,27,28,30,31,29,31,30,48,34
20230115,23,AQI,35,27,31,29,34,29,37,36,36,34,38,38,26,28,24,36,32,34,31,23,21,22,20,26,24,30,25,32,30,31,39,33,37,50,35
20230116,0,AQI,42,36,34,35,38,35,38,33,35,37,38,36,26,35,27,34,31,25,26,21,23,31,20,26,26,29,29,37,34,28,34,31,36,48,37
20230116,1,AQI,39,32,32,34,38,34,32,22,34,34,37,29,26,25,38,35,33,25,21,20,23,30,21,25,28,30,30,36,37,23,35,31,37,43,38
20230116,2,AQI,38,29,32,31,37,35,30,28,34,31,35,31,29,31,37,43,37,23,19,20,23,27,23,25,26,30,30,35,34,27,28,34,39,35,36
20230116,3,AQI,38,32,34,32,35,34,30,29,33,35,32,27,29,28,33,39,36,23,21,22,24,22,22,25,23,31,30,30,33,28,36,28,29,28,37
20230116,4,AQI,34,32,35,32,30,30,32,23,50,35,32,26,31,27,29,35,35,26,22,21,25,19,22,24,22,31,27,26,34,40,35,22,27,25,39
20230116,5,AQI,31,29,33,31,27,27,32,29,53,38,33,29,34,26,31,35,34,24,21,23,26,18,26,24,22,31,30,34,37,30,31,23,27,22,36
20230116,6,AQI,30,26,28,30,28,27,34,25,55,38,35,31,37,36,33,38,38,24,22,24,26,24,27,25,23,39,28,38,37,26,36,28,27,22,29
20230116,7,AQI,31,25,28,30,28,28,39,30,79,37,38,36,37,55,34,41,38,25,24,27,27,29,27,38,29,34,31,42,37,30,36,30,27,23,33
20230116,8,AQI,33,29,32,36,33,31,37,29,64,35,47,30,38,37,34,44,42,26,26,27,28,28,28,39,25,37,36,43,40,31,39,29,33,25,36
20230116,9,AQI,38,32,36,47,37,36,51,34,57,44,52,35,42,40,37,54,54,33,29,32,30,45,39,36,29,38,38,44,45,33,41,27,38,29,45
20230116,10,AQI,45,39,48,54,34,35,46,45,48,48,54,41,40,45,47,57,55,31,28,33,27,42,38,35,31,21,35,49,49,40,37,30,32,48,39
20230116,11,AQI,51,36,46,52,44,42,55,33,49,53,56,43,41,39,44,53,50,38,31,33,13,45,41,33,28,22,40,47,50,32,19,29,40,43,41
20230116,12,AQI,48,37,45,51,50,49,52,30,44,52,54,38,42,13,44,53,51,44,36,37,35,35,36,37,19,30,48,40,48,52,24,28,19,43,41
20230116,13,AQI,50,41,45,51,49,51,55,31,49,50,20,38,47,26,47,52,49,52,43,4,43,31,38,42,27,31,51,44,54,17,46,26,47,35,46
20230116,14,AQI,51,48,45,51,45,50,54,33,46,46,39,36,44,25,49,51,46,52,43,48,45,33,40,41,30,40,54,40,55,18,52,31,52,32,40
20230116,15,AQI,52,46,45,52,48,53,51,32,43,42,35,39,44,28,52,55,51,53,45,53,46,34,39,40,31,48,57,40,48,19,66,34,53,32,39
20230116,16,AQI,51,43,48,47,48,52,51,40,45,43,38,49,46,32,48,55,19,52,46,52,46,37,41,44,37,40,55,37,46,39,19,34,52,29,37
20230116,17,AQI,50,43,52,50,45,51,57,42,44,43,39,35,49,33,55,56,53,52,49,52,48,47,49,50,40,47,51,44,50,39,18,39,55,27,35
20230116,18,AQI,54,42,50,51,50,54,55,46,48,42,36,41,49,35,59,60,56,55,55,55,52,52,56,49,42,55,50,41,51,42,15,43,54,32,34
20230116,19,AQI,49,36,44,46,45,48,53,47,50,48,35,45,52,40,56,68,65,59,62,59,57,54,57,51,47,50,51,45,51,38,14,46,55,38,36
20230116,20,AQI,51,39,45,49,45,51,54,44,52,48,36,44,52,43,56,70,64,62,56,54,57,59,68,52,46,48,49,45,55,43,12,47,57,40,39
20230116,21,AQI,52,41,48,50,50,52,55,50,53,45,39,38,53,53,54,70,65,72,55,65,55,62,71,51,47,52,51,53,58,50,15,52,58,47,48
20230116,22,AQI,53,45,51,51,51,52,53,46,52,49,40,48,53,55,53,69,65,59,57,70,57,49,70,55,51,53,53,56,56,49,12,48,62,51,49
20230116,23,AQI,54,48,52,53,52,53,54,46,53,49,46,52,53,50,53,67,63,58,55,64,57,46,63,57,51,55,54,57,58,57,14,41,51,45,52
20230117,0,AQI,55,49,51,55,52,53,55,42,56,49,43,51,54,41,52,66,62,53,53,57,56,45,61,57,51,58,55,58,59,58,18,37,48,39,51
20230117,1,AQI,56,51,51,56,52,55,55,36,55,51,39,45,54,37,51,82,76,52,52,52,55,48,63,59,58,57,56,58,60,57,25,33,45,45,49
20230117,2,AQI,56,52,54,57,56,56,54,41,53,51,38,45,56,43,56,95,89,51,51,52,54,49,61,64,60,71,60,60,60,56,29,33,43,43,49
20230117,3,AQI,68,56,63,57,74,69,61,60,51,51,36,44,75,52,67,110,101,51,51,52,52,45,58,69,57,134,80,60,61,59,29,39,48,38,47
20230117,4,AQI,86,70,75,59,89,85,74,96,66,58,70,73,94,90,80,133,120,52,51,52,55,43,55,65,54,139,98,57,64,68,29,79,62,39,45
20230117,5,AQI,106,90,96,81,112,102,98,128,84,80,90,117,99,137,96,146,136,55,60,52,53,40,53,60,54,154,117,109,76,102,28,107,79,52,68
20230117,6,AQI,123,105,107,95,121,118,109,135,97,98,99,129,106,119,89,149,127,63,63,51,52,45,51,60,54,159,131,141,94,129,17,122,87,83,93
20230117,7,AQI,129,116,117,107,125,120,116,138,109,109,112,133,112,134,120,143,115,85,73,53,54,51,51,70,74,150,134,141,104,130,66,132,105,99,102
20230117,8,AQI,132,124,121,118,127,121,124,140,122,120,127,142,122,139,125,140,118,105,87,54,53,67,53,85,96,153,134,149,116,134,66,147,120,98,108
20230117,9,AQI,133,124,122,121,124,122,126,136,129,124,134,150,124,139,126,132,127,119,108,60,57,76,70,98,122,146,134,158,122,134,66,152,126,86,101
20230117,10,AQI,132,118,116,118,121,122,118,124,135,115,134,143,117,134,116,127,113,118,113,69,64,125,92,120,141,131,132,155,124,132,151,144,128,93,79
20230117,11,AQI,123,114,108,112,114,116,106,106,127,100,128,136,108,116,96,118,107,97,108,89,80,158,111,109,126,125,127,137,119,120,141,131,121,84,86
20230117,12,AQI,106,95,93,99,99,100,95,91,116,96,123,119,111,113,91,107,100,97,87,107,91,143,116,96,93,111,119,116,113,104,123,119,115,71,79
20230117,13,AQI,92,84,84,83,87,90,84,79,109,94,116,110,101,103,87,97,90,96,76,107,91,110,20,87,79,103,109,104,97,83,109,110,110,66,78
20230117,14,AQI,85,78,81,79,82,84,83,77,99,88,101,99,80,84,77,84,80,91,72,93,91,89,22,85,75,88,95,95,81,72,95,98,95,65,77
20230117,15,AQI,79,71,23,70,73,75,70,64,91,85,95,98,79,76,77,67,62,83,69,94,94,79,85,30,71,80,88,87,93,67,83,92,94,71,76
20230117,16,AQI,70,65,25,66,68,68,65,60,87,88,90,87,76,75,74,67,63,87,81,96,94,77,82,73,66,72,75,84,84,64,77,86,81,71,77
20230117,17,AQI,67,61,62,60,65,65,60,58,73,77,73,72,68,71,67,52,51,88,82,90,96,76,80,75,68,74,73,82,78,62,70,68,65,69,79
20230117,18,AQI,64,58,61,58,62,62,58,58,63,66,65,60,64,65,61,46,41,95,88,94,98,85,85,73,69,68,68,70,69,64,65,60,58,66,78
20230117,19,AQI,61,55,57,54,58,58,53,55,59,60,65,54,61,61,43,40,39,104,93,104,109,99,112,72,71,63,64,63,65,63,66,56,61,59,74
20230117,20,AQI,57,52,56,55,54,54,54,56,59,59,61,53,58,55,38,43,38,97,91,105,103,95,101,85,74,59,59,57,57,52,74,55,59,53,72
20230117,21,AQI,52,52,54,54,46,51,53,57,60,60,63,57,53,46,39,42,41,77,75,98,96,88,96,95,88,57,55,56,56,53,66,55,61,54,61
20230117,22,AQI,42,40,44,48,37,37,44,45,56,58,55,33,47,37,41,45,41,63,58,84,71,91,83,98,96,48,52,54,53,45,54,57,56,50,56
20230117,23,AQI,43,40,43,42,37,36,41,40,54,57,52,46,43,31,46,53,51,52,49,76,61,81,83,93,97,43,45,52,43,39,46,52,56,48,54
20230118,0,AQI,47,42,44,45,40,39,43,40,50,55,51,46,36,34,48,56,54,42,43,75,67,75,86,92,90,43,43,45,45,39,45,48,50,40,58
20230118,1,AQI,51,48,57,54,43,43,51,37,53,55,54,45,33,37,38,55,51,38,40,67,56,70,82,86,85,38,41,42,51,42,40,44,42,39,64
20230118,2,AQI,49,46,53,58,42,41,48,40,57,54,56,53,34,33,36,54,52,35,38,59,57,60,80,86,78,38,42,47,52,50,51,45,10,41,70
20230118,3,AQI,49,40,50,50,42,41,46,43,58,57,60,57,37,29,37,54,50,36,38,57,53,49,76,82,79,42,48,53,52,48,53,47,52,43,72
20230118,4,AQI,52,43,54,50,44,41,52,36,61,57,59,57,41,28,42,51,44,34,37,46,45,41,62,65,59,44,51,48,52,34,47,48,54,42,71
20230118,5,AQI,53,40,51,48,43,40,51,42,70,61,58,57,50,35,56,42,41,36,37,41,36,36,52,64,60,53,55,50,51,37,44,51,57,45,73
20230118,6,AQI,46,40,53,53,42,40,52,45,86,64,59,56,53,43,61,38,38,36,37,37,34,40,50,58,43,50,52,50,50,38,43,52,57,49,75
20230118,7,AQI,47,46,62,56,44,39,56,49,73,66,61,62,46,40,62,39,37,36,40,37,35,47,54,56,50,54,50,54,52,44,43,54,58,52,69
20230118,8,AQI,51,50,65,61,47,53,64,52,66,65,62,63,51,47,64,42,42,41,39,38,40,54,55,56,46,63,55,61,52,50,52,59,60,55,66
20230118,9,AQI,56,55,64,63,47,55,61,53,63,66,67,63,60,54,68,53,50,49,38,49,41,48,53,59,50,59,61,70,52,50,58,60,62,57,67
20230118,10,AQI,54,55,62,66,51,56,24,53,65,66,70,67,66,65,75,56,52,44,45,53,39,53,58,54,44,57,62,70,66,76,72,60,62,61,70
20230118,11,AQI,59,69,66,75,52,59,6,52,68,70,69,62,66,63,68,68,63,49,49,47,42,53,51,57,46,57,62,74,82,88,95,60,66,14,71
20230118,12,AQI,74,79,82,80,57,70,75,57,74,79,77,71,63,59,62,79,77,54,51,52,45,64,58,57,47,69,68,78,91,85,103,59,63,59,71
20230118,13,AQI,77,77,78,80,68,80,80,69,75,76,77,73,62,57,63,4,88,56,53,57,54,74,68,59,48,91,89,87,94,87,111,60,67,55,71
20230118,14,AQI,77,77,76,80,71,78,77,67,77,78,79,71,63,60,65,101,93,65,61,71,68,80,74,69,60,86,57,86,92,84,112,65,72,92,72
20230118,15,AQI,79,79,78,81,72,79,77,68,78,76,78,82,64,62,69,106,95,67,63,69,67,89,80,76,73,88,55,83,87,82,98,70,72,80,75
20230118,16,AQI,79,78,78,80,74,78,78,69,78,78,79,75,67,67,72,114,104,76,74,73,71,88,84,77,78,89,92,85,88,81,91,71,74,80,78
20230118,17,AQI,82,80,81,82,74,81,80,76,82,84,83,79,70,73,79,117,107,82,78,77,79,88,84,92,80,89,89,89,93,88,96,77,81,85,82
20230118,18,AQI,14,80,86,88,81,86,84,83,87,90,86,87,70,71,72,120,113,91,83,86,90,92,86,89,86,95,94,95,97,92,105,83,86,88,45
20230118,19,AQI,16,86,93,94,91,96,91,89,94,95,91,92,76,78,68,123,120,101,78,91,92,105,98,88,79,101,99,98,101,95,110,89,89,89,91
20230118,20,AQI,105,93,95,98,94,97,93,90,96,98,97,97,76,78,73,126,118,82,81,96,86,99,113,88,90,102,102,99,106,98,106,90,86,90,94
20230118,21,AQI,104,88,95,95,94,99,96,86,98,97,99,97,73,73,76,131,114,74,75,90,89,90,108,96,91,107,102,96,106,99,113,82,81,93,94
20230118,22,AQI,97,87,96,92,89,10,91,78,107,97,91,94,70,68,69,129,113,71,72,92,85,86,101,98,95,99,98,93,100,94,114,77,80,90,94
20230118,23,AQI,100,83,96,89,78,25,86,77,101,94,87,83,73,70,74,130,121,70,72,90,85,84,98,107,89,102,102,92,97,94,112,74,81,84,91
20230119,0,AQI,91,77,84,89,80,91,79,77,93,91,83,79,75,68,86,130,120,70,71,83,81,83,98,93,82,106,105,89,97,93,110,72,80,79,89
20230119,1,AQI,89,73,78,81,82,92,77,75,85,84,82,75,73,67,78,143,129,70,71,82,81,80,94,87,79,96,104,92,96,93,107,71,76,74,88
20230119,2,AQI,90,70,79,80,86,93,75,74,80,84,82,75,80,68,81,145,130,70,70,80,79,82,89,82,74,97,107,90,97,91,103,71,76,76,88
20230119,3,AQI,89,69,81,81,86,95,75,70,89,83,81,76,89,77,91,146,129,69,72,76,77,80,87,80,76,97,107,89,95,87,106,74,77,72,86
20230119,4,AQI,88,71,82,84,85,95,75,71,79,86,81,73,91,84,99,145,128,71,71,76,79,78,83,80,71,93,106,86,93,84,98,73,78,70,87
20230119,5,AQI,88,72,77,82,84,91,76,71,81,88,86,76,105,85,128,143,132,71,71,76,76,81,80,79,71,89,104,87,93,85,100,82,80,69,87
20230119,6,AQI,88,73,92,93,82,88,77,74,80,89,92,83,110,91,149,138,127,75,80,77,80,87,79,80,76,91,97,84,91,87,99,90,85,77,89
20230119,7,AQI,91,73,90,99,92,86,81,78,83,93,98,98,123,93,171,134,122,79,86,76,75,90,79,80,73,84,95,83,90,88,97,99,91,77,99
20230119,8,AQI,104,79,101,100,109,88,85,82,93,97,106,102,129,98,179,131,118,82,87,78,78,91,83,82,80,85,92,86,92,100,98,104,100,86,101
20230119,9,AQI,124,93,115,98,115,103,100,90,101,99,113,107,157,113,191,141,128,92,92,84,81,105,91,88,85,105,99,95,91,99,99,116,107,87,103
20230119,10,AQI,121,90,118,107,133,125,123,143,109,115,126,131,168,153,195,166,150,104,115,93,86,133,106,116,90,122,113,96,88,92,104,132,124,85,110
20230119,11,AQI,143,116,136,125,141,139,135,161,129,144,139,150,179,258,186,160,148,28,119,101,101,200,138,170,162,181,133,110,97,98,106,148,137,94,119
20230119,12,AQI,146,31,139,137,137,144,128,162,133,144,138,159,140,192,139,95,86,130,134,127,125,230,155,156,188,2,146,147,121,134,127,158,134,103,121
20230119,13,AQI,90,82,79,84,88,89,77,97,105,103,95,135,82,116,70,64,57,79,106,99,95,156,138,116,137,15,106,158,98,129,205,130,88,110,97
20230119,14,AQI,61,65,61,62,18,59,59,77,75,82,74,99,29,76,45,54,40,51,54,50,40,98,92,61,85,85,89,124,73,85,158,97,65,84,74
20230119,15,AQI,43,51,46,19,19,40,47,60,62,57,58,69,41,58,31,41,33,31,34,35,35,48,37,35,51,60,54,108,58,80,111,70,60,70,57
20230119,16,AQI,40,41,37,38,36,37,39,57,59,41,43,63,40,62,29,36,30,27,35,32,31,51,31,32,43,54,42,69,51,71,76,58,46,55,39
20230119,17,AQI,34,37,31,35,31,32,31,50,59,40,43,58,36,56,26,30,26,23,29,21,23,45,30,28,41,56,40,66,38,53,63,59,42,38,33
20230119,18,AQI,31,34,29,31,28,29,28,46,40,38,37,51,30,43,20,22,20,18,20,19,20,43,22,25,41,49,38,58,33,44,61,55,34,38,35
20230119,19,AQI,30,32,28,29,24,26,25,37,41,35,35,47,22,23,20,19,20,18,20,19,20,26,21,20,29,19,22,55,30,41,60,52,31,39,36
20230119,20,AQI,24,25,22,23,19,21,20,29,67,31,26,53,21,19,19,19,20,18,20,18,20,32,20,20,21,23,18,44,25,32,52,42,24,31,36
20230119,21,AQI,26,26,22,22,22,22,21,32,63,25,22,44,18,19,19,18,20,18,20,19,19,17,20,19,26,17,17,42,23,30,30,35,23,22,28
20230119,22,AQI,23,22,21,20,21,22,19,26,34,21,22,31,18,17,18,18,20,18,20,18,19,17,20,20,20,15,18,34,20,25,25,32,24,18,22
20230119,23,AQI,22,22,21,20,21,21,19,24,33,26,22,28,20,18,18,18,20,18,20,18,19,17,19,20,20,15,19,27,20,22,23,26,24,18,21
20230120,0,AQI,22,22,22,20,22,23,20,20,43,24,24,23,26,25,19,19,20,19,22,19,19,17,19,20,21,20,24,18,23,19,20,25,26,18,20
20230120,1,AQI,36,32,29,25,34,29,30,33,29,27,34,37,41,44,26,29,22,27,38,19,25,23,20,20,20,27,28,24,25,21,20,78,36,18,20
20230120,2,AQI,45,39,36,33,45,37,38,43,51,37,49,51,52,58,43,42,32,40,52,28,40,35,23,37,36,53,38,36,31,36,32,49,51,18,22
20230120,3,AQI,54,52,48,43,52,48,49,55,53,40,66,58,59,68,55,52,40,47,56,48,53,59,44,52,50,57,50,50,40,28,51,71,52,19,23
20230120,4,AQI,56,55,49,49,54,52,49,53,51,40,63,56,58,69,55,56,52,44,55,51,55,62,53,53,56,68,55,54,50,51,53,54,49,16,25
20230120,5,AQI,55,52,49,48,53,52,48,52,44,43,52,49,58,69,56,55,52,41,52,51,56,65,54,51,56,69,57,47,48,52,63,52,47,18,24
20230120,6,AQI,55,52,49,49,53,53,47,54,42,41,47,50,57,64,56,57,54,105,48,53,57,70,57,52,54,67,55,51,49,53,66,51,43,23,23
20230120,7,AQI,55,58,50,49,54,54,47,54,40,34,45,50,55,60,53,59,56,140,44,52,56,67,56,51,57,66,57,50,50,53,66,46,37,23,23
20230120,8,AQI,55,59,48,52,52,52,53,55,38,29,40,44,53,59,51,59,55,114,55,55,55,66,68,50,56,61,55,47,52,54,66,38,31,22,22
20230120,9,AQI,53,56,51,53,51,52,53,57,34,29,33,46,51,56,46,60,56,16,53,56,61,67,63,55,56,57,54,45,53,56,66,62,28,22,28
20230120,10,AQI,50,46,44,49,47,48,45,43,36,25,40,37,41,52,39,56,52,18,52,57,62,58,55,55,49,48,52,35,52,51,59,24,25,22,29
20230120,11,AQI,43,32,36,41,38,38,36,34,35,30,36,34,31,32,30,47,43,18,46,53,53,53,46,46,41,28,45,33,47,41,49,19,20,18,36
20230120,12,AQI,40,33,35,37,33,37,34,20,26,30,26,20,28,18,22,27,24,19,35,42,48,38,40,32,24,19,35,21,37,24,35,20,26,19,33
20230120,13,AQI,36,31,26,27,34,37,28,18,26,29,31,18,26,18,25,25,22,19,32,36,42,19,30,22,21,17,35,20,33,19,30,20,29,19,36
20230120,14,AQI,27,25,24,26,27,29,27,18,27,30,30,18,24,18,25,24,21,19,28,32,38,18,27,21,21,25,34,20,33,20,33,20,32,20,34
20230120,15,AQI,28,26,25,26,26,26,28,18,29,29,30,19,25,19,23,22,22,19,25,28,34,21,26,24,20,17,32,20,29,21,21,23,33,20,31
20230120,16,AQI,27,24,25,28,27,27,31,29,36,35,29,20,26,19,26,29,26,18,27,22,29,18,25,27,22,24,30,20,29,21,21,23,33,20,30
20230120,17,AQI,32,26,28,30,28,29,32,22,38,39,31,23,28,19,29,33,30,17,29,29,28,23,29,25,21,21,27,24,30,21,22,22,33,20,28
20230120,18,AQI,35,28,32,33,31,31,36,25,37,38,31,23,30,21,36,40,33,16,36,38,36,41,33,26,19,27,32,23,36,27,30,22,36,23,30
20230120,19,AQI,42,33,38,37,35,39,41,30,40,44,38,28,34,18,31,35,27,18,38,44,38,41,45,30,24,31,36,31,38,29,41,27,40,40,37
20230120,20,AQI,41,32,38,39,35,37,40,31,40,47,41,33,36,26,33,41,31,29,50,40,41,46,55,33,27,28,42,32,42,26,56,33,48,38,33
20230120,21,AQI,45,40,41,43,37,40,41,31,42,46,44,33,37,33,42,40,32,32,34,40,53,46,59,50,23,37,50,38,55,41,68,33,45,36,33
20230120,22,AQI,52,44,46,50,42,47,47,34,43,47,45,35,40,33,64,34,34,54,36,56,53,41,57,68,34,42,55,43,56,42,60,38,47,48,37
20230120,23,AQI,57,52,51,54,51,53,52,29,50,51,49,41,34,30,47,41,43,48,37,50,46,31,49,48,45,46,55,47,60,50,59,57,36,62,41
20230121,0,AQI,60,53,55,55,55,57,54,35,55,54,52,48,32,29,36,42,46,41,34,39,50,31,40,51,47,50,56,52,62,58,57,32,38,55,47
20230121,1,AQI,59,54,57,57,55,59,57,29,58,52,54,50,33,25,30,40,42,36,31,39,45,29,37,57,50,51,54,57,65,65,57,23,36,59,51
20230121,2,AQI,60,55,56,59,55,60,50,31,65,54,55,51,31,26,38,41,43,38,30,37,40,29,38,59,54,53,58,58,65,68,55,23,41,46,48
20230121,3,AQI,61,59,51,60,42,58,34,29,69,50,48,50,30,26,30,43,40,37,32,36,39,31,40,55,55,69,67,62,72,68,59,25,35,50,44
20230121,4,AQI,53,62,40,62,50,59,41,30,61,41,46,36,30,22,21,40,37,36,35,45,40,33,40,52,46,73,68,67,68,62,59,26,35,63,47
20230121,5,AQI,52,60,47,51,58,59,48,38,47,40,43,36,31,25,21,36,35,38,39,50,42,36,42,52,43,83,73,64,68,55,64,28,35,40,49
20230121,6,AQI,62,51,59,51,62,63,49,49,58,41,52,49,33,26,22,40,33,40,39,40,40,40,42,47,38,79,69,62,60,65,74,29,53,39,50
20230121,7,AQI,66,63,55,61,54,68,46,51,57,45,51,50,36,28,27,45,35,41,40,42,45,39,42,43,44,72,68,59,68,69,69,30,32,48,53
20230121,8,AQI,62,64,59,61,50,63,43,51,57,48,51,51,38,32,28,44,38,45,40,45,45,45,44,38,35,62,64,58,67,69,66,28,26,55,55
20230121,9,AQI,56,58,53,57,40,59,46,49,53,47,51,51,40,36,32,56,56,49,44,51,51,52,52,43,39,57,55,60,70,75,72,33,31,49,56
20230121,10,AQI,50,50,49,50,46,54,49,39,47,47,52,48,44,38,33,61,59,55,51,54,51,54,57,44,46,55,55,60,67,69,88,31,28,43,54
20230121,11,AQI,57,54,54,56,54,57,51,39,55,47,51,36,49,44,40,60,57,58,53,52,43,51,52,49,43,50,56,56,62,62,82,29,29,48,51
20230121,12,AQI,59,56,56,59,57,58,56,42,61,49,53,47,51,51,48,58,56,58,54,50,47,52,51,58,43,50,57,57,60,59,63,32,33,48,47
20230121,13,AQI,58,55,55,57,57,60,55,48,58,51,54,42,54,45,50,49,51,57,51,51,48,45,52,56,40,50,58,54,59,58,75,35,34,50,45
20230121,14,AQI,58,56,56,56,58,59,58,50,56,54,56,49,56,50,52,45,42,58,50,53,49,54,55,53,40,49,59,52,58,55,78,37,45,48,47
20230121,15,AQI,58,56,58,58,58,59,59,50,57,54,57,51,56,53,54,47,44,59,51,55,52,60,58,52,46,52,59,54,58,53,73,44,49,53,51
20230121,16,AQI,60,57,58,58,58,58,58,53,57,56,57,49,55,53,55,55,54,61,51,52,53,64,70,52,51,51,59,55,58,53,85,49,51,79,53
20230121,17,AQI,61,56,59,58,58,58,59,58,58,59,57,59,55,54,55,59,58,60,54,53,55,67,77,58,53,60,60,55,59,57,75,53,54,54,54
20230121,18,AQI,63,56,62,59,59,59,61,56,59,61,60,58,55,52,58,60,57,64,65,57,62,75,87,65,57,59,61,55,60,57,83,68,58,60,56
20230121,19,AQI,66,56,63,60,63,62,63,56,60,74,62,60,57,65,58,66,63,70,64,65,70,88,124,62,59,58,63,67,61,63,149,69,62,75,58
20230121,20,AQI,67,57,63,62,63,63,62,57,112,78,75,59,64,75,68,63,60,72,63,115,90,109,128,60,59,63,66,70,64,68,247,65,67,118,61
20230121,21,AQI,72,58,67,67,63,65,67,54,97,73,133,64,60,78,60,62,61,78,63,158,105,124,160,61,62,77,73,80,65,70,392,70,83,115,72
20230121,22,AQI,78,63,68,68,67,75,68,83,147,69,142,75,62,80,63,85,90,76,60,150,105,125,199,83,88,95,77,95,67,70,213,62,72,114,79
20230121,23,AQI,70,65,77,70,83,84,68,73,143,68,145,83,69,90,57,102,107,70,60,170,108,127,195,112,105,115,89,114,69,83,251,58,73,145,72
20230122,0,AQI,70,67,83,70,93,88,67,63,163,82,115,75,62,89,56,98,119,70,65,166,128,140,188,123,112,125,117,140,72,87,248,55,82,180,69
20230122,1,AQI,79,69,88,75,95,104,69,60,166,68,132,72,62,92,56,99,122,74,79,265,147,170,172,114,110,150,148,204,94,107,328,60,79,279,82
20230122,2,AQI,99,80,84,87,103,124,77,62,117,72,109,74,69,99,63,95,119,87,80,240,100,180,173,143,145,213,183,158,127,158,272,58,73,206,98
20230122,3,AQI,90,90,84,88,119,129,70,70,201,72,84,74,77,113,59,114,129,88,90,168,99,166,180,198,182,221,216,168,144,198,263,57,62,150,92
20230122,4,AQI,94,84,83,95,130,118,82,73,94,68,90,78,65,123,58,118,132,89,89,168,102,170,158,186,170,190,185,142,140,179,288,60,62,124,97
20230122,5,AQI,98,85,84,84,147,118,99,77,87,63,102,84,73,135,61,110,133,92,98,162,90,142,119,133,130,178,170,134,162,160,305,58,60,125,80
20230122,6,AQI,92,93,92,92,148,112,112,73,88,64,78,83,75,118,71,105,123,89,100,156,95,130,105,112,110,163,160,125,163,139,302,58,60,124,79
20230122,7,AQI,83,94,97,90,142,107,103,73,77,64,70,77,77,148,82,90,105,82,87,122,80,123,112,102,108,125,119,108,129,118,268,57,63,107,73
20230122,8,AQI,87,90,98,87,140,120,104,68,67,64,72,60,93,112,83,83,99,77,77,110,77,123,122,103,102,118,105,95,132,107,218,59,60,95,74
20230122,9,AQI,104,90,102,95,113,119,95,69,69,64,74,63,100,120,85,88,98,79,84,97,73,114,134,104,97,115,107,95,124,108,169,60,65,89,78
20230122,10,AQI,78,94,105,107,107,94,97,87,74,65,77,65,104,119,81,114,117,76,75,85,72,104,119,92,87,109,103,90,108,112,135,62,65,94,74
20230122,11,AQI,87,83,102,100,108,94,102,85,88,65,84,72,76,78,79,128,133,75,69,80,65,99,109,82,80,94,90,93,94,109,90,78,67,90,73
20230122,12,AQI,81,79,90,88,103,89,90,82,88,72,86,79,84,81,82,125,125,76,69,70,63,103,112,75,72,87,83,94,82,94,65,64,70,80,74
20230122,13,AQI,77,71,81,79,95,83,83,80,82,79,87,82,84,78,85,114,112,70,61,66,59,83,83,71,65,73,77,83,75,78,72,68,72,83,73
20230122,14,AQI,76,72,80,76,90,75,82,77,81,78,85,79,83,81,86,98,95,67,59,63,58,60,59,65,58,63,71,81,70,67,69,72,76,83,72
20230122,15,AQI,76,72,79,76,87,74,80,78,80,78,83,87,81,79,83,90,90,67,60,63,58,59,60,65,61,69,71,78,72,67,64,74,74,78,71
20230122,16,AQI,76,72,79,75,79,74,80,77,79,79,82,79,79,82,81,92,91,71,63,66,60,66,68,69,66,71,73,75,73,70,74,76,77,75,71
20230122,17,AQI,75,70,78,72,76,74,80,75,78,78,81,80,78,84,81,90,88,73,71,69,64,74,72,74,70,74,73,75,71,75,72,78,77,73,72
20230122,18,AQI,75,68,75,71,74,73,80,83,78,80,81,83,77,81,87,92,95,76,68,73,68,93,94,82,71,74,72,75,72,73,74,80,81,78,74
20230122,19,AQI,76,67,75,71,73,74,81,83,79,82,82,84,79,79,81,103,103,80,69,81,69,122,130,78,68,75,73,78,74,72,100,82,85,90,73
20230122,20,AQI,77,67,77,73,75,75,83,85,82,82,83,86,80,84,79,104,101,93,74,93,88,115,159,74,78,79,74,85,73,75,150,83,86,93,73
20230122,21,AQI,77,68,80,74,15,74,83,89,87,83,85,84,84,84,78,103,99,93,76,152,93,175,196,77,79,80,78,87,75,77,195,86,85,118,79
20230122,22,AQI,79,69,81,77,79,77,86,84,91,86,87,90,82,89,79,109,115,134,140,162,105,228,254,183,170,195,200,96,112,120,230,90,81,135,77
20230122,23,AQI,182,172,142,168,192,42,112,82,127,110,93,94,102,112,78,104,110,220,193,281,249,208,218,199,192,188,185,186,201,221,158,85,80,301,78
20230123,0,AQI,172,186,217,199,198,42,210,207,223,209,213,195,224,228,156,95,102,185,179,229,211,195,204,179,176,180,179,213,175,193,159,178,134,247,107
20230123,1,AQI,173,178,186,175,183,42,182,206,204,211,236,200,206,205,202,94,88,170,168,211,199,134,147,149,147,138,135,183,170,193,147,214,199,231,213
20230123,2,AQI,172,178,201,176,183,42,182,202,196,213,227,209,198,193,201,76,81,152,160,178,166,112,115,135,147,119,108,178,159,175,107,211,198,247,185
20230123,3,AQI,140,143,178,150,149,145,176,185,178,210,229,210,180,178,172,63,62,130,134,150,144,105,109,118,122,109,99,158,124,132,82,210,207,200,186
20230123,4,AQI,104,103,127,108,123,119,145,178,137,162,182,165,152,147,160,57,56,115,118,135,134,102,104,108,113,99,92,110,94,100,76,175,92,132,196
20230123,5,AQI,92,88,99,94,107,93,108,132,103,133,133,122,127,133,140,57,56,102,105,109,110,97,94,93,97,83,79,93,70,72,66,147,123,118,166
20230123,6,AQI,79,74,94,80,92,79,97,87,90,103,110,102,44,109,25,54,53,99,104,105,105,90,89,89,97,85,80,72,65,70,68,55,30,103,133
20230123,7,AQI,58,62,63,61,52,62,46,42,75,67,42,48,28,38,20,20,21,99,103,105,103,80,85,95,107,90,79,68,64,68,66,43,35,83,33
20230123,8,AQI,29,32,28,29,26,32,25,38,30,26,27,40,19,27,19,20,26,54,72,35,41,75,77,103,107,79,71,68,62,70,62,46,19,54,23
20230123,9,AQI,24,27,23,23,22,24,20,32,24,20,21,40,19,29,19,43,40,19,20,20,20,72,74,52,52,74,66,48,26,39,63,30,19,28,20
20230123,10,AQI,21,20,21,19,19,19,16,22,19,20,20,29,18,39,19,39,39,19,20,20,21,40,33,22,21,26,36,36,20,28,63,29,19,25,20
20230123,11,AQI,20,19,22,20,19,20,17,18,19,21,21,21,20,34,19,45,47,19,20,21,21,18,22,23,22,27,18,29,20,24,62,21,20,25,21
20230123,12,AQI,21,20,23,20,20,20,17,19,19,22,22,19,19,35,19,34,33,20,21,21,21,19,23,23,22,18,19,20,21,21,38,22,20,24,21
20230123,13,AQI,21,20,24,21,20,21,17,20,20,22,23,20,20,33,20,34,33,20,21,21,22,19,23,24,22,31,20,20,21,21,20,23,21,21,21
20230123,14,AQI,22,20,24,22,20,21,18,20,20,22,24,20,20,38,20,32,29,20,22,21,21,19,23,24,23,18,20,21,21,24,32,23,21,21,21
20230123,15,AQI,22,21,25,22,20,21,18,20,20,22,23,21,20,42,20,29,29,21,22,21,22,19,23,24,23,29,20,22,22,23,21,28,20,28,20
20230123,16,AQI,21,20,24,21,20,21,17,31,20,21,23,28,20,37,20,34,34,20,22,21,22,20,23,24,23,39,21,49,22,22,21,31,20,31,19
20230123,17,AQI,22,21,23,20,20,20,17,37,30,21,22,40,19,21,20,24,23,20,22,21,22,29,22,23,22,33,20,53,25,35,34,36,20,32,20
20230123,18,AQI,21,20,24,21,20,20,18,25,20,20,22,43,19,33,20,24,23,20,22,20,21,37,22,23,22,45,20,44,24,38,58,37,20,30,20
20230123,19,AQI,21,21,24,21,20,20,18,37,22,21,20,43,18,36,20,23,23,20,21,20,21,28,21,23,29,41,23,41,25,35,59,51,20,34,20
20230123,20,AQI,23,25,24,22,20,20,19,48,24,23,23,46,19,33,19,27,23,20,22,20,21,32,21,23,22,55,18,48,22,41,51,51,27,37,20
20230123,21,AQI,32,30,25,23,28,28,26,58,43,38,40,69,19,35,19,34,30,20,21,20,20,22,21,23,25,21,19,57,26,34,47,67,45,43,26
20230123,22,AQI,44,44,34,35,36,39,33,69,55,49,53,94,24,52,20,32,27,20,22,19,20,22,21,23,45,53,24,89,41,61,53,94,55,59,34
20230123,23,AQI,43,42,34,36,39,38,33,67,57,55,55,83,34,72,20,33,28,20,21,20,21,30,21,23,55,50,28,92,42,62,63,101,57,58,38
20230124,0,AQI,45,44,34,35,40,39,34,63,54,52,54,75,31,65,20,31,28,20,21,19,21,41,21,23,32,38,25,87,40,53,63,81,53,52,34
20230124,1,AQI,46,46,35,37,40,41,35,58,52,48,48,63,32,54,19,32,27,20,21,20,20,29,21,22,20,28,21,72,42,52,68,68,50,39,30
20230124,2,AQI,40,39,32,33,36,40,30,52,51,36,38,52,37,64,24,33,28,20,20,20,20,34,21,22,17,36,21,58,39,45,62,55,40,26,23
20230124,3,AQI,35,38,30,32,33,36,31,53,43,34,37,43,46,65,29,39,32,19,21,20,20,24,21,22,18,55,31,44,34,37,59,51,41,23,23
20230124,4,AQI,45,42,35,36,46,44,36,53,48,42,44,51,57,92,41,51,46,18,19,19,19,21,18,20,18,56,35,48,36,35,53,55,45,22,24
20230124,5,AQI,53,52,43,42,53,53,39,53,47,46,41,51,57,89,52,54,48,19,20,19,19,20,19,22,20,58,37,56,42,46,55,56,44,24,25
20230124,6,AQI,51,51,40,41,52,52,36,47,47,43,42,51,57,72,55,57,52,19,20,19,19,22,19,22,21,71,51,49,46,53,68,49,43,23,27
20230124,7,AQI,52,50,43,40,52,52,37,40,42,43,36,35,54,62,52,64,56,19,20,19,19,20,19,27,32,72,54,43,43,44,66,33,37,21,25
20230124,8,AQI,53,54,45,44,52,52,41,50,37,41,35,33,52,56,48,56,52,23,20,19,19,26,20,35,42,67,56,40,46,44,62,33,33,21,24
20230124,9,AQI,52,52,41,38,50,52,43,51,47,37,35,36,49,58,47,54,51,27,23,23,23,36,25,41,49,62,54,45,50,47,61,35,31,24,25
20230124,10,AQI,46,42,37,36,48,47,41,51,42,39,32,41,45,52,46,57,51,28,28,28,21,44,23,43,50,43,53,45,44,40,56,24,29,24,26
20230124,11,AQI,41,37,35,33,37,40,33,25,42,36,35,35,38,40,39,63,52,32,28,27,22,46,24,40,52,50,47,40,34,31,51,23,28,29,30
20230124,12,AQI,40,40,33,40,28,39,31,19,43,42,36,37,39,34,37,55,49,34,30,26,25,31,25,36,40,22,37,38,35,25,26,22,28,35,29
20230124,13,AQI,42,39,39,40,29,40,32,19,51,52,40,45,40,33,40,51,44,34,31,24,24,28,27,33,33,17,36,49,43,26,29,20,27,48,32
20230124,14,AQI,37,37,32,41,30,34,28,18,57,55,28,35,38,29,37,43,38,37,31,24,3,28,29,33,29,27,35,50,50,26,29,21,28,38,34
20230124,15,AQI,32,41,34,48,28,33,28,19,63,47,29,20,31,25,33,40,33,38,30,24,29,30,32,38,30,30,33,50,53,32,35,21,28,23,25
20230124,16,AQI,37,48,44,45,26,33,24,19,46,31,26,20,28,22,29,37,31,37,29,25,31,35,38,38,27,24,33,37,50,40,44,21,25,21,32
20230124,17,AQI,41,36,25,35,24,38,22,19,32,27,28,20,27,19,27,35,28,38,27,29,34,26,39,32,26,30,41,25,37,27,39,21,24,20,25
20230124,18,AQI,34,30,29,28,23,31,22,17,27,28,30,21,29,18,25,34,27,46,27,28,45,31,54,29,20,36,39,24,30,23,40,25,26,25,26
20230124,19,AQI,36,30,30,28,25,36,39,17,27,30,33,23,33,16,40,34,28,51,28,49,43,36,56,31,18,29,34,25,30,20,38,26,33,26,26
20230124,20,AQI,36,29,29,26,27,34,27,20,36,29,39,25,32,21,37,39,16,57,32,53,51,58,55,30,18,15,33,37,32,26,30,29,39,42,27
20230124,21,AQI,38,29,27,28,26,31,27,18,36,35,38,33,32,37,26,45,40,55,34,52,45,54,66,32,19,75,34,30,50,31,33,25,28,45,27
20230124,22,AQI,36,31,31,35,25,29,29,18,36,35,37,35,30,32,29,41,41,54,37,53,37,39,62,30,29,42,39,29,54,33,59,22,23,42,32
20230124,23,AQI,39,33,35,35,30,36,34,13,42,38,36,31,32,21,49,51,50,43,43,49,35,36,57,32,29,22,37,26,52,29,51,24,23,44,35
20230125,0,AQI,34,31,33,34,32,38,35,14,40,38,34,25,29,22,29,55,54,40,38,40,38,28,55,36,39,22,36,28,52,30,38,15,23,49,37
20230125,1,AQI,36,31,39,36,31,36,35,13,42,43,31,23,31,22,19,47,48,41,36,43,37,28,52,39,33,25,36,39,51,40,32,15,21,45,34
20230125,2,AQI,41,31,40,45,36,34,40,24,52,51,32,28,25,19,18,42,43,34,35,36,30,25,52,52,46,29,44,29,53,45,33,14,21,94,28
20230125,3,AQI,43,34,44,49,46,38,39,19,56,47,29,27,25,19,17,40,41,33,32,35,29,23,39,47,38,79,51,38,53,48,48,14,20,55,29
20230125,4,AQI,49,38,52,52,37,44,31,18,53,47,24,19,27,20,17,38,36,31,30,32,29,19,28,44,30,45,50,45,53,54,50,14,22,32,30
20230125,5,AQI,54,43,53,56,34,50,29,22,36,44,23,15,22,19,19,37,33,32,29,32,29,19,25,35,28,50,53,52,55,57,39,14,21,26,32
20230125,6,AQI,48,47,30,54,36,42,34,23,35,38,21,18,20,19,17,34,29,28,27,40,30,21,23,31,22,49,52,53,57,58,36,14,19,22,34
20230125,7,AQI,36,48,30,54,33,43,36,23,32,26,24,29,20,15,16,35,30,29,25,30,28,21,24,31,22,39,52,49,57,58,46,13,19,29,36
20230125,8,AQI,35,51,32,52,28,41,36,25,35,24,27,27,22,23,19,37,34,27,27,31,27,23,24,30,25,42,50,55,57,55,50,13,19,28,31
20230125,9,AQI,26,37,26,30,26,35,43,31,61,25,35,29,27,28,26,39,37,30,27,35,30,34,33,31,28,46,43,56,53,58,57,16,25,23,27
20230125,10,AQI,29,28,30,32,25,33,37,31,30,34,37,25,30,19,24,42,41,36,26,40,26,43,41,42,29,49,49,49,53,52,42,17,19,40,27
20230125,11,AQI,41,36,30,35,28,38,39,22,32,41,39,23,29,23,28,51,46,48,35,40,31,49,44,61,39,45,45,42,51,49,45,12,21,39,38
20230125,12,AQI,48,39,33,40,33,48,39,23,32,40,37,20,30,20,29,54,48,54,46,47,40,39,49,59,43,48,12,42,51,50,43,18,25,46,35
20230125,13,AQI,47,41,37,46,35,12,37,23,36,44,36,22,28,20,27,51,43,54,47,51,45,48,54,55,43,46,45,45,52,53,50,20,30,48,37
20230125,14,AQI,49,46,40,52,40,59,37,26,40,50,40,25,30,23,27,46,39,53,41,52,48,52,59,50,42,46,45,46,52,52,56,19,32,50,39
20230125,15,AQI,55,54,49,55,46,70,44,26,51,51,53,41,29,25,29,42,36,52,41,48,48,55,53,45,39,57,46,51,53,53,59,29,32,53,40
20230125,16,AQI,57,57,54,56,55,70,54,40,51,50,55,42,27,24,27,40,34,50,35,49,44,54,54,48,46,55,49,55,7,54,68,41,46,53,43
20230125,17,AQI,58,58,56,57,55,68,56,47,53,53,55,50,29,31,28,45,38,44,37,51,51,54,55,50,49,58,49,57,60,54,63,48,51,54,50
20230125,18,AQI,60,57,58,58,55,65,59,49,61,64,54,50,31,31,28,30,28,51,46,51,53,56,63,59,54,58,50,58,64,58,60,50,56,57,52
20230125,19,AQI,61,55,59,57,55,63,59,51,64,68,56,52,33,35,27,29,24,55,46,63,60,70,66,62,52,59,68,62,65,60,65,49,56,63,52
20230125,20,AQI,61,57,59,58,54,64,54,49,61,67,58,54,31,46,32,32,26,57,48,72,58,80,83,59,57,59,69,62,67,64,69,48,52,57,54
20230125,21,AQI,61,59,7,57,53,63,50,42,54,49,56,48,31,43,30,44,27,56,46,80,56,78,88,63,62,64,68,65,69,65,82,46,51,54,57
20230125,22,AQI,58,58,96,56,51,61,49,42,49,46,53,42,29,43,28,41,35,55,46,75,58,70,87,67,65,73,70,65,67,67,85,39,48,50,58
20230125,23,AQI,55,55,105,54,45,57,45,39,48,48,50,39,29,40,29,46,41,53,46,70,56,74,78,59,58,73,70,59,65,69,78,42,46,52,55
20230126,0,AQI,51,52,39,52,38,54,46,40,48,45,51,41,29,48,39,54,52,52,46,64,53,73,75,56,57,63,65,63,64,68,84,42,47,48,59
20230126,1,AQI,46,48,35,49,36,51,44,42,48,46,48,37,33,54,38,61,59,49,43,63,53,64,73,58,54,77,60,62,63,59,89,39,45,50,55
20230126,2,AQI,50,45,32,45,34,51,43,43,50,44,47,39,32,54,36,51,51,46,45,59,52,64,70,56,54,53,56,58,63,55,79,39,45,52,57
20230126,3,AQI,50,42,35,44,38,47,42,42,49,43,48,40,34,48,39,47,47,46,45,55,50,62,75,55,53,54,55,52,59,52,83,39,44,53,59
20230126,4,AQI,50,43,38,48,49,49,41,42,45,44,48,35,43,46,45,48,44,46,42,57,49,58,70,53,52,55,55,48,53,53,74,39,45,52,59
20230126,5,AQI,53,46,48,51,50,52,42,39,41,45,44,42,45,40,52,50,44,45,42,51,46,64,69,49,49,55,55,46,51,50,73,50,44,53,60
20230126,6,AQI,53,49,50,53,49,52,43,40,41,47,47,44,40,39,55,53,46,47,42,51,46,57,68,49,48,53,54,44,52,58,58,40,50,59,62
20230126,7,AQI,52,51,48,53,50,52,51,44,51,54,51,46,44,41,59,63,55,47,40,52,47,60,69,48,45,50,52,51,53,55,57,54,86,55,59
20230126,8,AQI,53,54,48,56,51,52,51,43,69,71,53,52,50,39,85,93,74,51,42,53,50,60,82,46,45,49,51,59,54,52,57,73,86,57,61
20230126,9,AQI,69,65,49,74,56,58,58,54,74,75,61,77,79,73,91,106,93,55,43,56,51,60,69,50,52,46,51,82,60,57,57,101,88,77,73
20230126,10,AQI,81,73,46,76,72,78,72,78,69,70,67,78,80,125,90,105,98,56,46,57,49,72,53,54,54,61,51,109,75,72,63,93,77,81,70
20230126,11,AQI,72,65,33,69,65,75,63,71,69,60,65,73,75,101,82,92,87,59,51,60,49,74,53,62,58,70,60,98,71,85,95,72,67,64,62
20230126,12,AQI,69,62,32,64,66,72,62,60,60,55,58,63,76,92,73,82,77,61,53,55,46,52,40,56,56,76,69,83,65,72,108,59,58,52,53
20230126,13,AQI,68,62,29,62,65,72,60,59,58,46,56,56,62,77,65,68,64,58,49,49,42,51,42,52,52,76,70,64,64,64,93,42,51,32,47
20230126,14,AQI,65,60,28,59,61,66,56,53,55,36,54,52,57,61,60,59,56,54,45,47,39,43,37,51,55,72,69,60,60,62,87,28,49,23,29
20230126,15,AQI,57,54,25,54,54,58,51,46,49,34,41,46,54,56,54,53,49,53,43,41,35,37,33,47,52,62,64,58,56,58,80,35,39,29,22
20230126,16,AQI,53,51,25,51,51,53,44,45,41,29,35,40,2,53,39,46,41,51,42,35,30,34,29,48,54,55,58,51,52,52,71,35,32,20,21
20230126,17,AQI,45,41,41,41,40,46,34,43,33,23,27,35,28,39,20,26,24,51,36,25,21,24,24,46,52,57,57,42,43,56,68,31,25,20,20
20230126,18,AQI,31,30,30,31,22,28,25,33,26,20,24,32,19,29,20,22,21,25,21,21,21,26,21,37,40,60,55,37,33,40,56,31,23,19,20
20230126,19,AQI,20,18,21,20,19,19,19,32,28,21,24,31,21,24,20,24,24,19,21,37,21,34,21,21,30,33,30,34,21,30,66,33,23,22,20
20230126,20,AQI,20,19,21,19,19,20,18,28,33,22,22,27,21,26,20,32,26,19,21,25,20,30,21,22,28,27,19,34,20,24,60,30,22,24,20
20230126,21,AQI,20,18,20,18,19,20,19,25,22,23,22,24,23,24,20,27,25,20,21,22,22,24,20,21,21,19,18,28,20,19,35,25,21,46,19
20230126,22,AQI,22,18,21,19,19,19,30,25,20,20,20,25,21,20,20,31,29,20,22,42,24,19,21,20,20,19,17,27,18,20,22,21,20,36,19
20230126,23,AQI,21,18,20,18,19,19,18,17,26,21,23,24,20,19,19,29,34,21,22,47,27,18,21,21,20,16,16,24,18,29,18,21,20,19,18
20230127,0,AQI,21,17,20,19,19,20,17,22,20,20,22,19,21,18,19,26,26,20,22,53,24,18,21,21,20,21,17,23,20,20,18,22,21,20,18
20230127,1,AQI,22,17,19,18,20,20,19,24,20,20,21,19,23,18,19,26,24,20,22,28,21,18,20,20,20,18,17,19,20,19,21,22,20,20,20
20230127,2,AQI,23,17,20,18,21,21,18,17,33,20,22,20,23,19,19,23,22,20,21,30,25,17,20,21,20,20,18,20,21,20,19,22,20,20,20
20230127,3,AQI,21,18,23,18,21,22,17,19,20,20,22,20,21,22,20,18,21,17,21,23,20,17,18,21,20,19,21,20,20,20,23,22,20,20,20
20230127,4,AQI,19,17,23,16,19,20,17,18,19,20,22,19,23,16,19,18,20,17,21,27,17,17,18,21,21,19,21,19,18,18,20,20,20,19,20
20230127,5,AQI,19,18,23,19,17,18,17,18,19,20,22,19,26,28,19,19,20,19,21,25,17,16,19,21,21,17,22,19,17,18,25,21,20,19,19
20230127,6,AQI,19,19,23,20,19,19,17,18,19,20,22,19,19,27,19,19,20,19,21,21,15,16,13,19,20,21,19,18,17,19,20,21,20,19,19
20230127,7,AQI,20,19,23,20,19,20,17,18,19,20,22,20,19,27,19,19,20,19,20,18,17,16,14,19,18,24,19,22,19,19,15,23,20,19,20
20230127,8,AQI,19,18,22,20,19,19,17,18,19,20,21,21,18,17,19,19,20,19,20,26,17,16,38,20,19,26,18,27,20,19,17,22,20,18,20
20230127,9,AQI,20,23,22,19,19,20,17,18,19,21,22,19,19,24,19,19,20,19,20,34,24,23,25,20,19,29,16,28,19,18,18,22,20,19,20
20230127,10,AQI,20,19,23,20,19,20,17,19,20,21,22,20,20,22,19,20,20,19,20,23,30,18,23,21,20,18,18,20,20,19,19,21,20,20,20
20230127,11,AQI,21,20,24,21,15,20,17,19,20,21,22,20,20,19,19,20,20,20,21,17,19,17,20,16,21,17,18,20,20,20,19,22,20,20,18
20230127,12,AQI,21,20,25,21,18,21,16,19,20,21,23,20,20,19,20,22,20,20,21,20,21,17,20,22,21,17,18,20,21,21,19,22,21,20,19
20230127,13,AQI,21,20,25,20,20,21,16,19,20,21,22,20,24,19,20,23,20,20,21,20,21,18,21,20,21,17,19,20,23,21,20,24,20,20,20
20230127,14,AQI,20,20,24,20,20,21,16,19,20,21,22,19,29,29,20,24,20,20,21,20,21,19,22,20,21,23,22,20,23,21,20,22,20,20,20
20230127,15,AQI,20,20,24,20,20,21,16,19,20,21,22,19,28,37,24,28,23,19,15,20,21,21,22,21,21,19,23,20,21,21,20,22,20,21,20
20230127,16,AQI,21,19,24,20,23,20,18,19,23,20,23,39,31,47,25,43,33,19,19,20,21,27,21,22,24,35,23,21,24,21,19,26,24,21,20
20230127,17,AQI,30,22,23,23,33,29,24,21,28,20,29,38,47,60,31,59,54,18,20,20,21,30,20,27,33,54,30,22,26,32,19,32,30,21,20
20230127,18,AQI,37,28,30,29,38,38,31,40,30,20,30,37,58,78,42,68,61,26,26,28,21,43,25,51,41,62,42,24,30,34,18,37,30,20,18
20230127,19,AQI,43,27,33,30,37,39,32,47,31,24,25,36,59,74,53,67,59,38,47,43,27,50,35,62,54,55,41,18,21,31,20,40,2,18,17
20230127,20,AQI,36,27,28,27,35,43,36,45,40,23,25,13,55,61,56,66,58,49,52,44,29,55,40,62,62,52,42,27,24,18,23,35,22,28,17
20230127,21,AQI,32,24,26,26,33,29,33,34,39,19,32,18,52,57,59,60,53,56,56,55,38,57,43,62,63,32,35,31,28,22,36,40,52,25,17
20230127,22,AQI,32,24,29,30,30,29,28,27,38,19,39,29,42,46,51,70,60,56,58,57,41,55,46,51,56,25,30,24,29,22,37,39,46,29,51
20230127,23,AQI,33,24,28,31,33,31,26,16,33,21,33,23,54,52,58,95,79,56,61,62,48,56,43,42,42,35,30,32,36,23,30,39,40,25,18
20230128,0,AQI,54,29,54,35,59,46,58,68,36,53,43,41,75,83,75,113,97,59,61,51,55,55,45,50,39,86,54,36,43,26,32,48,60,25,22
20230128,1,AQI,74,35,66,55,75,72,67,88,53,61,62,76,84,109,85,117,104,71,70,44,56,55,41,65,59,113,75,42,51,30,45,73,78,29,29
20230128,2,AQI,77,67,74,64,79,74,73,94,68,65,72,94,86,118,85,107,98,92,87,53,73,58,39,78,74,108,81,67,53,40,52,82,77,39,25
20230128,3,AQI,82,67,75,70,81,78,73,88,70,67,75,83,87,106,84,98,91,108,100,71,86,66,44,86,89,97,84,74,57,55,53,84,75,33,32
20230128,4,AQI,82,68,73,70,80,79,71,80,72,70,74,83,83,97,82,91,83,104,98,83,89,108,59,94,101,94,84,76,64,70,58,80,77,31,46
20230128,5,AQI,81,70,73,71,78,78,70,78,73,70,71,78,83,89,78,80,73,85,80,83,86,120,80,92,92,92,85,74,67,77,66,85,77,54,52
20230128,6,AQI,78,70,69,69,74,74,68,74,70,67,70,72,78,93,76,74,72,71,66,76,82,109,80,79,73,88,85,72,70,78,82,78,71,54,51
20230128,7,AQI,74,65,63,61,68,70,59,66,65,60,66,70,69,81,69,69,66,61,60,74,79,97,78,74,68,85,81,74,67,72,85,70,66,40,54
20230128,8,AQI,69,60,59,57,64,65,56,57,59,54,59,65,68,71,63,62,59,63,65,76,75,101,92,71,67,79,75,70,62,67,83,60,60,40,54
20230128,9,AQI,64,57,57,57,61,62,58,54,51,55,52,58,63,70,61,61,57,83,68,81,85,94,109,69,66,77,73,66,60,66,78,55,60,51,54
20230128,10,AQI,58,53,53,54,58,58,51,52,51,58,49,53,58,62,57,61,60,79,72,79,70,82,74,64,60,64,68,64,65,61,70,50,51,46,51
20230128,11,AQI,56,55,52,58,52,57,45,44,60,58,57,44,55,55,53,62,57,65,54,67,70,70,62,58,54,59,63,63,69,56,71,42,45,41,50
20230128,12,AQI,61,61,61,64,52,59,58,36,63,57,60,58,54,52,51,64,58,56,51,59,59,60,58,55,52,51,59,64,71,61,73,42,46,38,56
20230128,13,AQI,61,59,59,61,59,59,58,44,57,58,57,58,53,51,49,59,55,56,50,52,53,48,51,50,43,64,67,63,67,58,74,49,53,37,54
20230128,14,AQI,56,53,56,55,56,57,55,38,57,58,58,59,51,45,50,59,54,54,46,50,51,52,46,49,37,57,63,52,62,54,61,52,53,32,54
20230128,15,AQI,55,52,53,55,52,54,56,40,54,55,58,53,52,47,50,56,53,56,48,51,51,54,51,52,36,55,60,51,56,44,57,48,43,35,52
20230128,16,AQI,54,51,53,52,53,54,55,39,52,54,55,53,54,54,53,58,54,55,47,52,52,49,47,54,37,50,54,47,54,46,55,49,42,36,54
20230128,17,AQI,54,49,54,52,53,54,17,50,55,53,54,53,53,52,54,62,57,54,47,52,52,42,47,54,41,51,51,51,52,54,58,52,52,38,54
20230128,18,AQI,6,50,56,53,54,56,58,51,59,57,55,51,53,54,58,61,58,58,52,56,53,54,53,54,46,53,54,52,54,49,58,53,58,41,55
20230128,19,AQI,63,51,59,55,56,60,58,54,64,59,58,55,53,54,53,58,61,62,75,58,56,56,62,54,52,56,56,55,58,52,62,54,59,43,54
20230128,20,AQI,63,52,58,56,57,60,60,55,60,60,59,57,55,55,55,59,63,61,53,53,55,58,74,55,47,58,59,58,61,56,66,58,59,45,53
20230128,21,AQI,61,53,58,56,56,58,60,58,58,62,61,59,60,56,69,54,53,65,52,53,56,66,73,56,55,55,58,56,60,57,69,63,60,47,53
20230128,22,AQI,59,52,57,53,57,58,59,61,59,62,61,58,55,56,40,56,52,73,56,54,58,56,70,58,55,55,58,53,62,54,65,57,57,44,46
20230128,23,AQI,60,52,58,56,55,58,58,55,60,58,61,57,56,56,38,63,57,64,55,56,59,46,62,64,54,59,62,56,62,54,65,56,53,47,62
20230129,0,AQI,62,54,59,58,57,60,57,53,58,54,59,51,53,51,36,65,62,56,52,59,57,48,59,59,52,58,63,57,64,56,65,49,56,42,56
20230129,1,AQI,62,55,60,60,58,60,58,53,59,53,57,52,47,51,40,65,62,53,47,54,57,51,56,58,51,58,62,57,69,62,68,45,53,40,52
20230129,2,AQI,60,55,59,62,56,57,56,51,62,55,57,54,54,63,52,73,71,52,46,55,56,52,53,57,54,58,60,58,70,61,67,51,49,40,49
20230129,3,AQI,57,57,56,60,56,55,58,59,65,56,56,56,61,71,55,78,76,51,46,53,54,50,52,56,57,58,60,61,69,61,67,52,53,38,48
20230129,4,AQI,67,61,69,57,67,63,78,80,60,60,66,65,70,81,59,84,79,52,47,53,54,45,51,57,56,76,61,63,65,57,64,63,70,39,50
20230129,5,AQI,81,77,85,71,85,80,87,103,59,74,78,88,81,101,73,107,98,53,48,51,53,51,49,56,54,105,73,59,60,60,63,78,78,38,49
20230129,6,AQI,95,85,92,82,95,91,93,107,65,80,85,106,91,113,78,112,102,54,52,52,53,52,48,55,52,129,92,61,68,72,67,89,87,44,75
20230129,7,AQI,102,90,93,85,101,96,93,106,78,81,94,116,93,100,89,109,101,55,54,53,56,60,48,69,64,124,100,82,80,95,70,98,89,63,73
20230129,8,AQI,103,94,93,85,98,98,93,98,76,79,86,104,97,102,95,107,99,57,55,53,58,66,72,76,84,105,94,101,81,98,80,108,84,73,73
20230129,9,AQI,99,91,97,90,94,92,105,98,70,76,77,83,94,113,92,97,92,64,58,63,66,71,58,76,71,96,90,98,87,99,104,88,75,72,73
20230129,10,AQI,96,89,92,88,96,94,84,90,78,72,66,81,84,100,86,90,89,78,64,72,78,80,56,70,76,97,93,81,92,98,105,75,69,66,70
20230129,11,AQI,85,80,80,80,81,88,67,65,64,65,62,64,74,79,75,79,77,71,61,80,76,101,72,62,66,87,90,70,82,88,105,65,62,56,67
20230129,12,AQI,67,2,60,65,66,71,56,45,53,62,58,58,67,67,66,75,70,56,48,82,76,82,65,59,54,77,82,60,74,72,87,58,61,45,62
20230129,13,AQI,54,48,51,53,53,56,50,37,58,61,67,54,61,58,57,76,71,46,34,73,70,61,60,65,51,58,67,51,55,53,67,61,65,34,60
20230129,14,AQI,52,49,52,58,48,49,51,32,23,60,61,54,57,55,60,70,65,59,43,68,66,56,56,58,53,45,56,56,56,36,54,58,59,51,63
20230129,15,AQI,53,49,50,2,51,52,48,33,56,59,57,54,57,55,56,64,61,55,47,60,59,52,51,53,49,45,51,57,57,46,42,55,54,50,66
20230129,16,AQI,47,42,42,24,45,48,42,32,51,60,53,47,55,56,54,54,52,55,48,54,52,53,51,52,50,46,51,56,58,52,45,51,51,52,69
20230129,17,AQI,46,45,49,48,41,42,50,41,63,63,57,49,48,51,49,43,40,58,49,50,47,57,53,51,52,43,48,58,63,54,55,50,52,54,66
20230129,18,AQI,57,56,60,62,49,50,57,52,71,65,67,62,51,52,44,38,36,67,49,60,55,65,64,46,42,41,43,62,64,56,59,57,56,56,65
20230129,19,AQI,68,57,66,63,60,65,66,62,70,66,71,70,53,51,45,42,41,75,51,62,51,68,70,46,44,60,56,67,67,60,69,70,59,58,64
20230129,20,AQI,68,58,66,65,65,67,70,64,71,67,73,69,51,53,50,57,54,71,57,66,51,59,67,57,51,67,66,68,66,63,73,72,60,56,65
20230129,21,AQI,68,58,66,63,66,68,68,67,69,69,75,71,41,53,52,58,59,63,53,58,52,57,80,64,58,69,65,70,67,66,68,61,62,62,66
20230129,22,AQI,67,58,68,64,68,70,68,70,80,69,66,73,44,37,36,67,58,57,53,51,53,52,65,63,58,71,66,68,69,67,69,56,55,62,66
20230129,23,AQI,68,60,66,65,65,67,73,70,80,70,60,63,39,43,33,55,55,57,41,51,51,42,75,59,55,69,71,69,68,63,75,52,53,58,65
20230130,0,AQI,69,60,68,65,67,66,71,67,72,70,57,58,34,46,33,48,51,50,41,51,41,36,77,61,55,68,68,69,69,64,78,53,47,55,64
20230130,1,AQI,73,58,64,65,67,68,60,63,65,70,54,53,35,44,53,40,44,40,35,45,36,35,57,51,52,69,72,69,70,65,73,46,45,53,62
20230130,2,AQI,70,59,58,63,62,63,56,59,62,70,55,55,36,35,41,42,41,37,33,37,32,31,51,43,44,58,72,71,68,66,77,45,44,48,61
20230130,3,AQI,66,57,60,61,57,61,56,53,60,56,56,53,35,40,34,45,43,38,34,30,28,27,48,38,39,52,66,65,68,65,71,44,44,46,58
20230130,4,AQI,61,56,57,59,50,57,53,48,56,56,54,51,38,33,31,47,45,35,32,28,24,29,44,35,33,52,66,61,69,67,73,42,45,44,59
20230130,5,AQI,51,54,48,51,36,50,52,48,54,54,52,33,34,26,31,47,47,33,30,26,23,19,42,30,28,51,60,65,69,62,79,42,44,41,58
20230130,6,AQI,40,49,39,33,35,47,51,46,53,53,51,46,34,28,32,47,47,32,28,28,23,23,32,29,29,50,58,64,66,56,75,44,44,40,57
20230130,7,AQI,43,36,39,35,38,43,52,44,47,52,49,40,38,36,33,43,44,31,29,41,50,37,30,23,25,41,58,62,61,53,78,44,45,40,60
20230130,8,AQI,51,42,46,43,44,44,55,40,46,48,43,45,41,36,53,43,43,34,28,37,23,41,28,30,25,49,56,59,60,112,77,52,47,42,62
20230130,9,AQI,60,57,56,59,45,52,55,38,51,52,52,45,51,40,52,48,50,36,28,34,27,45,31,53,45,46,55,58,63,75,82,49,52,41,61
20230130,10,AQI,69,69,59,66,52,55,54,42,67,61,53,48,51,51,52,56,57,40,33,39,26,54,38,36,29,49,61,62,79,61,108,46,50,41,58
20230130,11,AQI,73,74,65,71,63,68,57,41,67,62,58,49,55,54,49,66,63,43,35,38,24,58,43,32,29,56,68,75,77,70,105,44,51,49,62
20230130,12,AQI,76,75,69,75,66,72,61,50,64,60,56,53,57,46,50,66,64,51,38,39,28,59,53,39,24,64,71,74,79,73,98,47,53,46,57
20230130,13,AQI,78,77,73,76,69,74,67,52,66,59,56,50,56,46,55,63,62,61,56,50,45,58,60,57,44,63,74,73,81,79,98,47,54,54,56
20230130,14,AQI,76,74,73,77,72,72,72,59,73,68,63,65,61,56,56,63,61,65,59,55,52,61,66,62,56,70,76,70,89,84,94,51,56,60,58
20230130,15,AQI,76,76,73,75,72,74,72,56,74,74,70,65,60,54,59,68,67,68,61,65,61,65,67,72,62,70,76,74,82,80,103,53,60,65,64
20230130,16,AQI,79,76,75,75,71,76,73,64,74,74,74,70,60,59,60,61,64,72,65,68,66,70,69,84,62,75,78,78,84,79,104,61,62,63,70
20230130,17,AQI,80,78,77,77,75,78,75,65,74,76,77,71,60,61,63,55,56,76,68,72,69,75,75,82,67,74,80,80,83,80,108,68,69,67,76
20230130,18,AQI,83,82,79,80,76,78,89,71,75,74,77,71,62,62,62,61,60,85,68,79,74,78,81,78,68,78,82,83,80,84,89,72,77,77,72
20230130,19,AQI,90,83,84,85,79,81,95,67,82,80,83,72,66,67,62,77,74,93,73,90,76,88,90,77,69,87,87,83,85,90,130,71,83,82,73
20230130,20,AQI,100,88,92,84,80,87,87,66,84,79,90,75,66,67,62,71,70,89,70,95,80,99,117,82,74,90,94,82,88,99,156,67,76,84,74
20230130,21,AQI,97,92,92,84,87,93,88,67,85,80,85,81,62,64,62,71,68,77,66,94,84,92,133,87,77,93,97,78,92,108,207,73,137,77,79
20230130,22,AQI,97,93,92,89,83,94,84,71,91,80,80,79,60,64,62,71,68,71,65,88,79,82,139,86,83,97,103,85,98,112,233,64,55,70,77
20230130,23,AQI,97,94,76,92,79,97,74,69,90,76,77,70,60,61,60,73,69,71,63,84,77,80,137,98,97,103,110,87,102,117,173,55,55,74,73
